user_id,LTV_mean,LTV_lower,LTV_upper,treatment
1,2363.026309011553,507.35157157181067,4736.754880625888,0
2,3992.0027320124873,0.0,8900.016228766675,1
3,1753.0363099474303,0.0,4081.5056890121054,0
4,224.161621658549,0.0,625.3786354927805,0
5,177.04560295810353,0.0,622.4950386800539,1
6,7.859548649091519,0.0,26.630887461943814,1
7,4663.089562045749,889.7366540635084,9355.742286555242,0
8,2884.6850309507004,622.1235876807604,6393.670508702318,0
9,315.4682049155195,0.0,989.1354894794899,0
10,1705.0273307410696,347.2236468123745,3408.433763652052,0
11,3636.9635046080534,745.2443494432302,7634.720942707745,0
12,4793.390063510732,1771.8904175708385,8505.927610990664,0
13,1220.186224348387,0.0,2815.643579974761,1
14,1352.3783642091705,0.0,3097.744278535299,0
15,1315.8867623576637,0.0,3476.527841076496,0
16,566.0916261966694,0.0,1267.9303618053978,1
17,3696.193961832024,1153.2216180849487,6744.9193843433195,0
18,254.60884079333673,0.0,864.4121597561107,0
19,2508.0080809044857,535.5437525112303,5402.343279195261,0
20,3672.054896570547,731.2432589920312,7153.562002036339,0
21,2306.6921207127566,461.35413901708137,4702.040750735249,1
22,1015.603376251242,220.14321618079796,2072.2993946201145,1
23,2427.3717581358283,0.0,5744.686346435834,0
24,188.92806310608887,0.0,629.0275200255774,0
25,194.00549779183143,0.0,472.40043056037837,1
26,1536.3703973303195,0.0,3696.83342124781,1
27,1749.8384211084244,0.0,4673.48528877797,1
28,1418.1235715538828,0.0,3942.9115773651815,0
29,4336.34355713981,1354.8163458920224,8315.485554818482,0
30,157.0612090194574,0.0,506.2091388750342,0
31,223.55510044957333,0.0,708.9413517520637,0
32,1785.3026814552136,0.0,4622.015724768533,0
33,417.5755329187091,0.0,1484.7733579136745,0
34,2800.602906810724,0.0,9585.766103952246,0
35,717.7723355336854,0.0,1877.7346611854705,0
36,1100.1049692100937,0.0,2718.0062071457105,0
37,1181.5818257414226,0.0,3230.8963219992147,0
38,1990.4969005490773,0.0,5167.737179319129,0
39,4012.232537412387,1475.0988144095593,7264.974856251108,1
40,2473.988962990811,753.5375461430157,4639.814597506942,0
41,2205.718952173752,0.0,5447.784256842777,1
42,1946.9802060498373,417.9952533769957,4112.22390544296,0
43,2081.3744830579712,0.0,4635.349582637275,0
44,3021.0509938215064,0.0,6684.602063053025,1
46,1556.4725106600144,0.0,4083.146083482036,0
47,968.7723198643602,189.94148314246823,1958.975483022615,0
49,2782.74554116744,0.0,6336.893526437086,0
50,1217.411585499652,0.0,3268.1852484577407,0
51,1505.7886956826944,0.0,3383.8143941417516,0
53,642.8780505292833,0.0,1650.312468800364,0
54,605.180610859039,0.0,1513.1887093512673,1
55,1837.1278522145392,376.10831146710024,3675.7124919116736,0
56,530.9014806174237,0.0,1763.989390260883,0
57,471.1332786594777,0.0,1234.552117948497,0
58,636.4795554314289,0.0,1704.0562126016086,1
59,4907.047832604797,0.0,11453.720972556339,0
60,2137.7212999265125,482.80116715808316,4628.914706022648,0
61,1201.4386435573078,0.0,3139.2498418163505,0
62,820.3855431050295,0.0,2249.946515054926,1
63,2830.1016666420433,608.4903543562538,6309.660953573776,0
64,681.3680247445196,0.0,2228.2338583494834,0
65,2962.555965320614,0.0,8024.070203907477,0
66,4778.713417900012,956.9701726794502,9610.764774789346,0
67,854.0623753920064,0.0,2113.6684223736806,0
68,388.3242611107034,0.0,1362.6270737045486,0
69,2942.5756515098496,0.0,6700.282105802865,0
70,1493.4968302502584,0.0,3554.1138737134925,1
72,1420.2054477858492,0.0,3628.453414638446,0
73,1203.7122652467606,250.0478210773883,2425.834421447492,0
74,446.5726825586704,0.0,1532.832694397606,0
75,2016.4036068201867,593.2993075639927,3992.717864156636,0
76,26.13395574727495,0.0,67.85066930357934,0
77,150.76956903520806,0.0,504.1255811336697,0
78,2746.2681478616205,0.0,6396.726521982849,0
79,2298.8929833938455,417.9605274269266,4826.00188479967,0
80,307.3877798111318,0.0,1058.9262328977977,0
81,1215.0306071508414,0.0,4212.113863119983,0
82,323.8611401788072,0.0,754.0296898718301,1
83,2658.8059979895415,0.0,6856.115702276611,0
84,2697.9526890280476,931.4141145186546,4874.401460595155,1
85,396.82584255740824,0.0,1015.1530290689773,1
86,1646.6740092787988,361.67341240799027,3461.7361625540825,0
87,1267.9227646630272,275.46081941389804,2777.545201999125,0
88,2281.8542542861956,0.0,5342.669686475961,1
89,2476.116180337463,541.0436982774863,5210.320505419655,0
90,1759.725056933731,0.0,4441.014790799218,1
92,1878.686842107359,399.51110395089745,3982.2462686962967,1
93,38.4408752102687,0.0,125.66513456793294,1
95,1099.360878970214,0.0,2575.7985415997673,1
96,656.9603085581252,0.0,2240.87363264064,1
97,1047.2971585076145,0.0,2303.378730599331,1
98,3436.090944646071,0.0,7941.249787560672,0
99,814.4274423376517,0.0,1968.2846414189553,1
100,520.5495771097604,0.0,1760.9942720633799,1
101,2353.6902432359284,536.6627391499876,5063.013554461196,0
102,1562.796776740793,482.0455856976999,3036.1057242386432,0
103,227.09454377963698,0.0,752.8933865809347,0
104,2438.381357884689,535.7844428610576,4863.285617498467,1
105,488.9092347833894,0.0,1677.956388550531,0
106,1477.326969219115,0.0,3452.811314752346,0
107,595.6750583157548,0.0,1498.6074375086166,1
108,3509.145571855866,766.3099870415757,7141.829698297597,0
109,1244.6148004048584,0.0,2957.001809198126,1
110,1263.0628123727076,0.0,4215.582243522374,0
111,1545.6679164747356,0.0,3994.7193971077563,0
112,1794.551829595042,0.0,4640.106576503123,0
113,1377.9752693392538,422.6786230578103,2473.5371798526958,1
114,952.152437511617,220.87947504554572,1966.6116303926492,0
115,1493.5942332807542,0.0,3459.0988259462442,1
116,3287.2813198206354,0.0,8434.15170260226,0
117,5115.553121132985,1546.4070935100751,9795.06602744767,1
118,6379.507867366422,1257.4112210421106,12190.830373535635,0
119,3705.549702188946,726.2700607114895,7718.233712330222,0
120,2119.065574342618,444.29073229239754,4688.500633298907,0
121,57.029175314241606,0.0,190.28945727432813,1
122,2848.807181694259,0.0,6637.719642220931,0
124,2647.8624833420563,814.1152487695659,5021.402691365351,0
126,896.4094271618162,0.0,2916.742623822649,1
127,1295.1415800689401,0.0,3296.857235204487,0
128,3249.299575199505,722.593213186562,6952.950489275875,1
129,2567.8825653233375,495.93167504595317,5228.86975741763,0
130,4573.065930600669,1805.0239774308968,8148.602638139059,0
131,2972.3041814371504,563.5444241436137,6093.306384365271,0
132,679.0484637990218,0.0,1582.066478016629,1
133,5450.031881431153,1218.3632356419682,12041.813560306655,1
134,533.790177178117,0.0,1436.232086999563,0
136,224.2328636732817,0.0,761.3852295422238,0
137,1057.9369929674376,237.51737192924068,2239.684764742318,0
138,484.61689682928414,0.0,1252.9647293077608,0
139,726.3997412958545,0.0,2375.7972528954842,0
140,405.2466029945793,0.0,1040.1029837185356,1
141,1852.5430564298772,401.41755940640417,3703.930805830878,0
142,3037.7800758959884,0.0,7179.202502254057,0
143,2400.266249782617,507.41109023977197,4743.9534975165125,0
144,1488.7619588698801,0.0,3386.374454587303,0
145,1585.0114918345853,0.0,3522.95085612508,1
146,1643.7954087384996,344.6121366347332,3507.769371987061,0
147,1579.8797536032337,343.02595911317184,3193.3944869125917,0
148,2824.336307563379,531.1430407892121,6050.253247844036,0
149,2168.0058901791167,662.8160298096225,4049.129854099038,1
151,2686.5961367573786,0.0,7030.517680273837,0
152,1431.3065787520886,0.0,3271.641043898041,1
153,1494.8565066172293,0.0,3431.3811141431993,0
154,4454.919216042295,1414.726777193609,8612.117449322133,0
155,477.2556180418416,0.0,1591.2167916814878,1
156,3267.9563511554347,960.4015397396782,6556.600627322828,0
157,1528.7147249250302,347.97801380988847,3244.2948635840758,0
158,1388.7032827724377,0.0,3753.586015106162,1
159,4352.977284342753,1363.0762489283798,7979.55048138837,1
160,2923.417910721915,654.0566664646167,6436.141285689777,0
161,4844.01325480772,1423.9810407914172,9070.658560061172,0
162,1569.5066526121595,343.9376054305297,3376.635143803924,0
163,603.2842057362454,0.0,1382.2018946537883,0
164,640.4343991623061,0.0,1457.91068976667,0
165,1355.6182727367416,300.0833353137993,2771.139037941207,0
166,1111.0835963712675,0.0,2981.5872539666475,1
167,2197.395707187564,0.0,5045.526802921405,0
168,1083.0251959910504,0.0,2425.835107034472,1
169,333.10423729463884,0.0,1062.3709367495123,1
170,1185.6923990888497,0.0,2684.863196301952,0
171,998.3066083030124,0.0,3455.0522760735216,0
172,1845.1152089903867,374.0107539034067,3616.6835561336525,0
173,3408.0260017686355,677.2400203176336,6934.900433397971,0
175,763.6946086885246,0.0,2038.165028912769,0
176,2467.5555926481134,0.0,6586.612764761843,1
177,1140.2253956144318,0.0,3023.2182180420905,0
178,1701.916440865696,350.2997819511832,3762.5673181620627,0
179,925.7002472087491,0.0,2429.114472590533,1
180,1305.1822858828955,0.0,3498.7876698492732,1
182,5738.88476096469,1184.834079852275,11794.20824083804,0
183,4230.807732722164,1279.6826013474254,7955.47651380945,0
184,1016.8564673620004,0.0,3625.064224103001,1
185,288.54406597011445,0.0,961.7734643060244,1
186,662.2197047198762,0.0,1797.5449814754127,1
187,2536.615596880272,0.0,6624.319756079658,0
188,4019.13670528893,902.4338116022233,8808.965787115954,0
190,4829.428659105132,0.0,10801.566695161593,0
191,1495.3169427267399,0.0,3537.0849415483785,1
192,905.2975317648628,0.0,2438.8627580400266,0
193,243.94531499347173,0.0,868.4234899585483,1
194,1885.861756446381,0.0,4480.599638219391,1
195,721.7278287290102,0.0,2446.6207777036752,0
196,2577.6348725199978,546.1831272700767,5226.262942186677,0
198,1773.5889666255414,382.4334058664616,3747.4404956886547,0
199,115.22950439442423,0.0,296.4352849279232,0
200,995.1153265446133,0.0,2237.4607861287054,1
201,2159.923791110088,0.0,5075.377894161622,1
202,3370.2887880311355,0.0,7665.965037050458,0
203,160.3930832263496,0.0,398.3474679138359,1
204,143.04127788592544,0.0,470.1057652704512,0
205,442.57575044947055,0.0,1476.379381571529,0
206,694.0704389454418,0.0,1521.009583701702,0
207,2382.3656282058832,0.0,6283.79345132246,0
208,1548.7181997278537,0.0,3641.816362749589,0
209,1112.9118095467286,0.0,2587.8130844734155,1
210,2303.9793387291134,485.70130727528374,4406.034785371963,1
211,1450.5424192586775,319.75589286231383,3118.963762035349,1
213,1922.4890526499717,422.5101620069022,4080.1138478399275,0
214,500.17599743013835,0.0,1325.4560059067837,1
215,30.606065729488908,0.0,106.76884779683473,0
216,4146.91802655632,1275.6716755342616,8237.54317932345,0
217,1796.9410332788489,0.0,4218.510042350809,0
218,3721.0131953991086,731.5216243837211,7535.371082148428,0
219,12.65438923751157,0.0,45.49888406122224,1
220,3567.598945924725,1116.2347282604337,7180.186283537442,1
221,2409.2135573885694,0.0,5343.365167546176,1
222,907.1714240546526,0.0,2008.349715482566,0
223,2832.9655400965894,867.4338601982256,5474.612603560321,0
224,1232.7761221988335,262.8222363179995,2583.7244301664955,0
225,2176.093396529308,0.0,5089.79278207452,1
226,1380.5120912362959,449.7217876313064,2639.974581567297,0
227,7698.48531522248,2358.812970096284,14416.881495282187,0
228,1694.030119882763,0.0,3902.6386992899575,0
229,3127.585233799792,946.0199931396071,6074.834507858376,0
230,527.5780453106632,0.0,1894.197262043084,0
231,2842.483519813642,583.8682979860763,5845.614496008325,0
232,728.3981760652454,0.0,1914.5795433816784,1
233,1092.8801859646844,0.0,2562.3183470216186,0
234,276.80751860461714,0.0,930.7088079464886,0
235,2690.191171943856,0.0,7204.880615300631,1
236,692.198150996279,0.0,1594.1965758110862,0
237,1407.4223533128254,0.0,3232.6024774009475,0
238,1452.7806990800614,0.0,3440.0867575900697,0
239,237.29167086902626,0.0,547.1703101070427,0
241,172.27636291885312,0.0,569.2946481879313,1
242,2472.8220121750455,784.3604185666157,4547.046778304268,1
243,771.7971594509833,155.85856045214123,1645.718614139603,0
244,2300.4981256056417,0.0,5166.667310410507,0
245,735.661041255629,0.0,2498.1026334829307,1
246,1507.795454228722,0.0,3915.243213282926,0
247,131.49581567469357,0.0,433.5014224941852,0
248,1155.4469586484415,0.0,3046.652050589338,0
250,1265.7225445840138,0.0,2934.917518643387,0
251,3736.6429168737723,1115.0240862006115,7248.126797375746,0
253,262.3419486834271,0.0,662.9839980327731,0
254,2684.7316235100498,767.6389877620778,5042.263214319709,1
256,439.0528066798039,0.0,1192.010530313687,0
257,1111.8124303776594,0.0,3027.1142156462315,0
258,44.100971234904215,0.0,156.74814007612343,1
259,3745.651004044502,814.8319638897163,7818.727050441743,0
260,3528.0191796846652,726.842607828702,7190.898564956945,1
261,6308.0938057902595,2276.0659086500127,11345.661872181478,1
262,611.9764957315912,0.0,1635.7548009808913,0
263,1734.044750938014,0.0,4143.921692942744,0
264,2646.2958427845124,568.4325979227905,5567.067644225442,0
265,1424.9741725942235,0.0,4841.358425102624,0
266,1144.0658959552584,0.0,3015.4605595981748,0
267,753.5053693768692,0.0,1969.6353288659413,0
268,2529.174452677309,534.2137884342106,5097.374219591733,0
269,124.513685314871,0.0,408.0443972216856,0
270,3428.3104906500034,692.7605368709014,7093.215949165381,1
271,1101.3149419347337,0.0,2888.8832603979317,1
272,3190.07003953301,0.0,8594.113420472357,0
273,2395.299366205353,478.5838687322521,4776.808153536105,1
274,1788.7822884248196,0.0,4678.406909592554,0
275,1287.7092606836402,0.0,3459.594239240654,1
276,291.8658946753525,0.0,768.2969110590187,1
277,1984.2740401378596,456.3750775821091,4223.754265482303,0
278,1812.818177125092,0.0,4200.096916824433,0
279,3239.7958928955686,0.0,7280.361513539645,1
280,2012.0183426858428,0.0,5530.450792733215,1
281,1792.4803686925693,0.0,4024.0482879843034,0
282,406.5507323826767,0.0,1366.8417660855469,0
283,1308.4101929505168,0.0,3116.6037952302404,0
284,1821.4506920071035,0.0,4147.88149775964,0
285,3246.575848816559,635.6943120278552,6586.526991774804,1
286,760.0195088030789,0.0,1991.8956225462796,0
287,3046.4473116463428,617.3205330717914,6119.143532277283,1
288,3983.1377178820617,1151.982981634629,7321.449431164487,0
289,4694.125374817429,1686.5456741023486,8698.278998477359,0
291,818.079955307144,0.0,1874.5551479613466,0
292,2227.403977618708,0.0,5512.036759311642,1
293,1970.5821185673783,396.598393822255,4125.318874909215,0
294,2793.0061496823455,0.0,7296.51092964544,1
295,3672.8739686796725,793.2029616067168,7725.875770295156,1
296,5210.216063943799,1023.0993878149568,10190.245040714532,0
297,923.2775824141324,0.0,2528.203668172036,0
298,642.7117495795451,0.0,1734.318872246025,0
300,1106.0664372461163,0.0,2931.913365362043,0
301,1815.717299051064,397.3627146370006,3785.2594036983905,0
302,3988.585489131519,1530.8209937100635,7239.732644569987,1
303,4895.041237890976,986.9797160356075,9653.032713203182,1
304,666.9076374863661,0.0,1831.3036547995341,1
305,6445.954685903442,1382.4803957926717,13260.52738377417,1
306,1074.7770545471922,0.0,2914.881268365975,0
307,1136.5183391286662,0.0,2555.206063029563,1
308,507.6672701303195,0.0,1324.3313288922807,0
309,3242.473214620661,0.0,7668.1146192097185,0
310,4673.381201711987,0.0,10649.650444826986,1
311,2047.7376633356598,464.03426932189865,4415.882046135224,1
312,4011.639658435916,0.0,9239.725757071741,0
313,2733.2761685536493,795.5915457511247,5151.733133330966,0
314,3045.172102100022,619.2609450324408,6013.696411141112,0
316,1208.2872219350852,0.0,3321.4875210708756,0
317,2867.660472370812,0.0,9546.865932605993,0
318,5348.782835957671,2031.9672114500631,9704.207597186743,0
319,2547.905476218838,0.0,5897.504006179222,0
320,2423.6399914641656,484.6424732325124,4827.217860411944,0
321,385.96417923482954,0.0,997.0410862651366,1
322,386.86252059065663,0.0,1236.383314570824,0
323,1380.4423740789996,0.0,3525.172518699871,0
324,1527.4385374641206,500.1340162337965,2853.692553877972,0
326,2102.3128409753963,0.0,4927.964412525589,0
327,1053.4890752610625,0.0,2444.9334381551566,1
328,3868.848054627336,0.0,8737.607228887397,0
329,5320.011332182005,1120.5237038653743,11165.507539410877,1
330,1103.9257579328205,0.0,2595.122916937863,0
331,68.29454155136585,0.0,216.88718853787452,1
332,2321.580079876201,0.0,6141.362166038662,1
334,5175.58898132582,1173.4462104697382,11110.415980384794,0
335,2241.723900962069,0.0,5135.682870068559,0
336,3838.08324322524,787.6244948545248,7733.103865021711,1
337,1062.4687378268468,0.0,3564.733599875354,1
338,909.4241748448142,0.0,2148.0690305063144,0
339,158.49694658543174,0.0,483.7815619570596,1
340,6.750774665455102,0.0,23.380968139011493,0
341,2970.2555468680343,0.0,7851.905672584064,1
342,2595.5903704598004,526.5561895374384,5214.018523093802,0
343,383.8615206323932,0.0,1318.7026742184387,0
344,2621.8849152886887,537.2344400504721,5330.835116094253,1
345,3214.7640230219763,668.1050782942341,6605.711921863015,1
346,2649.936531470933,0.0,6941.414988055232,1
347,756.5829316031555,0.0,2492.30760867281,1
348,26.79527114865883,0.0,93.84225105644444,0
349,2606.781194799792,741.5141355916235,5017.425502351079,1
350,3338.7556579243565,0.0,7687.187185093042,0
351,1137.6466673430612,0.0,3126.987649162482,0
352,1787.9590695605175,0.0,4257.439062679813,1
353,7085.794433645519,2242.018035870629,14020.193282155882,0
354,2429.1941085874396,0.0,5489.887136080759,1
356,4033.5532854201088,1314.296779841428,7718.156876186628,0
357,1209.314737596734,0.0,4148.480227689395,1
358,2735.649386699754,0.0,8665.973183405651,0
359,3029.386473147991,684.3040653762149,6343.693379848379,0
360,5485.666853426245,1121.0617079203428,12091.054101035477,1
361,3167.7122798447745,727.2797539763221,6895.214044506436,0
362,973.1010243684656,0.0,2611.265284695574,0
363,1965.8797463579535,440.2993816562092,4218.984366365721,0
364,6253.713118734098,1855.049254380245,11768.119877185369,0
365,1797.1254731327872,0.0,4338.125400570785,0
366,1587.9284927428355,367.02773155314014,3388.6938371234983,0
367,759.368921950886,0.0,1973.0192233854318,0
368,164.16875601506106,0.0,540.9852461458646,0
370,803.8275542077248,0.0,2202.081461771107,0
371,2484.3205002512386,472.8152033945419,4969.755366317254,0
372,454.90982761594137,0.0,1188.9601594532435,0
373,122.6070453570837,0.0,416.94199560788826,0
374,919.4330641409862,0.0,2154.84961087949,0
375,471.2470581429295,0.0,1293.4892287507887,0
376,3848.7278148975593,830.236805715486,8189.361607621634,0
377,2713.9363877585397,0.0,6191.692645288532,1
378,2442.363344354601,513.9978221172303,4955.944522849861,1
379,923.8596372999762,0.0,2365.4090667538508,1
380,1526.7419809235673,0.0,3534.1369617623245,0
381,5569.686507461005,2222.421413332788,9968.763469260153,0
382,5319.216070177436,1063.5151505496162,10483.386403385772,0
383,657.1105423274646,0.0,1682.8616087343473,1
384,282.2463236877116,0.0,710.9071304633478,0
385,4944.030504239524,0.0,12606.818602536998,0
386,4041.4253942523055,792.1687299889655,7987.67148600832,0
387,756.8453944506488,0.0,1815.7690255490525,0
389,700.0139058225803,0.0,2297.763863862101,1
390,1202.2060095354157,0.0,3292.3964056924337,1
391,4452.178468255055,903.8653654444604,8907.604628954758,0
392,3634.481941320577,0.0,8755.009208548545,0
393,2452.8479568760677,0.0,5743.504920673299,1
394,422.3455786212887,0.0,1408.5299232199004,1
395,1605.55062790947,321.99334051552006,3217.316880459387,1
396,292.74461133585424,0.0,797.8198105402355,0
397,2499.7971152133746,500.4100433690225,5037.638634072211,0
399,3199.619403210904,1020.13426471323,6165.994135489373,0
400,2741.678243249183,640.2740250170272,5696.964919389431,0
401,3988.549229280634,1110.0883253811905,7567.938523395287,0
402,465.2185984695622,0.0,1082.277892904586,0
404,69.68551581362075,0.0,219.61917390380273,0
405,3090.575293824392,615.4990226704982,6032.586164005149,0
406,1237.300972631409,0.0,2704.88756033179,0
407,1821.8731947063688,361.23214875956694,3610.1320593230703,1
408,309.866864558465,0.0,835.4520444508895,0
410,737.8976580838734,0.0,1728.6415276820062,0
411,1133.978533102382,0.0,2973.7358943822996,1
412,1214.2844479181972,0.0,3860.837439215924,0
413,179.59264803697587,0.0,608.3362272190454,0
414,2808.538943908446,577.1576390202605,5570.4652708641615,0
416,968.7759864258895,0.0,2214.471989537642,1
417,1225.9510604362933,0.0,3373.287227634858,0
418,804.6748458104471,174.16736609099337,1694.0207840270898,0
419,1715.6118745065596,344.93202014176615,3773.9922118482864,0
420,3036.097010971112,616.0954418855896,6243.4906153464,0
421,677.8394035414724,0.0,2241.580344940112,0
422,1552.3668362600647,358.72784375597524,3199.9476555790493,1
423,795.3606374050145,0.0,2040.6137034032083,1
424,4192.676900971194,0.0,10009.352251827553,1
425,2153.016976066767,492.52304843723573,4485.166982400058,1
426,1594.892033605364,333.3242219040755,3137.5039914335116,0
427,2270.51475841041,484.9216893939793,4620.224040630807,0
428,722.3474498283364,0.0,1664.9919291553708,1
429,1238.289892317265,0.0,2921.87065736866,0
430,1122.8155471544187,0.0,2872.7191107231706,0
431,522.0007492187497,0.0,1627.2531967441407,0
432,1083.3058380279876,0.0,2498.515050474739,0
434,802.1276307951113,0.0,2741.09835644735,0
435,4202.233591882212,852.8347470285041,8118.493059229652,0
436,2637.3053288812575,794.133212929985,5113.402025070329,0
437,2054.9150663091514,0.0,5678.371873835691,0
439,23.89048532793727,0.0,76.11495413887216,0
440,990.6214332774307,0.0,2265.9718960500304,0
441,2404.2798704874676,508.02228908559795,5193.8665587188525,0
442,2452.007315256592,528.8804483955498,5212.082390710301,0
443,1899.863649070926,0.0,4143.196897577039,0
445,2553.039022272333,0.0,6055.107722835228,0
446,560.0461487028149,0.0,1808.6483118973094,1
447,630.3494379561969,0.0,1659.8154619531524,0
448,2055.5530447918713,0.0,5437.642501857817,0
449,2251.372718602241,490.23854046860424,4916.315845691203,0
450,2259.2232278924253,507.34644109982105,4803.102242403542,1
452,621.3783722100654,0.0,1629.4852827134841,1
453,693.2825599807236,0.0,1825.3641362027104,0
454,1530.9777684609103,314.2255002651556,2928.2503295375595,0
455,4639.523628063917,1381.6818031782827,8872.907056743672,1
456,1882.9205416709492,0.0,6421.965007200762,0
457,1376.4448627084805,0.0,3708.87977914731,0
458,33.49401281031137,0.0,111.7266241741135,0
459,3108.3271351218664,917.5669280395355,6177.916228716695,0
460,1794.2076717547222,362.8749270525279,3609.670732350566,1
461,390.3855178213938,0.0,1359.129973547037,1
462,1886.953635026055,0.0,5257.069347125021,1
463,7635.474375611758,2278.3726096163564,14795.392256306757,1
465,2381.6137851709855,0.0,8170.538311760812,0
466,4119.299620922497,902.2166479673604,8905.860880254912,0
467,3063.941223083219,613.4230494750567,6285.588884259822,1
468,767.8033669457293,0.0,2016.1383207719846,0
469,2680.1342772651014,0.0,6024.104426050112,1
470,266.4932448551209,0.0,968.3692401675504,0
471,1217.1721720479393,0.0,2791.392303852502,0
472,1793.3615173145688,0.0,6603.70032100597,0
473,1847.5366128657379,0.0,4658.3387497249505,0
474,65.31161931588709,0.0,228.19981743987347,1
475,11.34811377050372,0.0,38.081440988237595,0
476,3303.085845425392,960.6730644588371,6092.430394278714,1
477,5472.651660859923,1101.6218404246458,11054.526951393136,1
478,5103.390352760782,0.0,11920.061441208203,0
481,629.0416534243567,0.0,1591.9601653330117,1
482,2859.8115400613806,645.5674850731673,5930.654923370768,0
483,1161.5097389357384,332.8021829673795,2228.4405781875603,0
484,73.79366821738721,0.0,247.49226461052243,0
485,2727.013798227127,602.1778112778123,5900.180510821349,1
486,934.9356852540681,0.0,2524.864425570043,0
488,2165.7738795209743,0.0,5893.995230034072,1
489,1953.149244655987,0.0,4513.4636114176565,0
490,1796.889676428494,363.197564247137,3661.319175215299,1
491,657.2076246611016,133.55027041002688,1360.741893015124,0
492,94.91386977677782,0.0,250.2971031862871,0
493,944.0608336155766,0.0,2231.287217500277,1
494,3245.648257646229,641.9596235285222,6457.164574717677,0
495,858.8164832299417,0.0,1991.4188677613165,0
497,5155.521454389899,1686.7136207681262,9887.090823363822,0
498,1511.0928293783447,0.0,3356.951705384165,1
499,221.1213193676506,0.0,749.4222553337896,0
500,3414.288811986792,1045.521243638355,6156.976973550735,0
501,1415.351532350025,0.0,3061.897523836552,0
502,1574.8054281996149,0.0,4020.393646802352,0
503,96.5855795956208,0.0,328.0057728905088,0
504,1028.4378094084223,0.0,2369.118451857923,0
505,517.5537681824148,0.0,1411.2509455869606,1
506,1090.0322626134673,0.0,2500.907909963456,1
507,638.117929546423,0.0,1393.292018967203,1
508,612.2245961046148,0.0,2172.9969523649834,0
509,1273.7300382597084,0.0,3548.182292937495,0
510,491.9316380979222,0.0,1267.8418226748893,1
511,726.5678475567163,0.0,1842.27607283427,0
512,1926.2381041322103,0.0,4732.278490250408,0
513,1621.6603269202951,0.0,4263.76058356341,0
514,703.8840781994268,0.0,1855.165048358523,1
515,1867.2908038356368,374.78232666671107,3702.7980230216604,1
516,724.5509883781093,151.00511884482648,1523.8819029075871,1
517,7469.934956958924,2423.0662023457153,14342.663704003806,0
519,2681.3002535213777,0.0,6292.901921939426,1
520,2831.1852000918857,612.7410404701509,6108.673794533527,0
521,2328.447830659297,457.52475493675183,4754.193063732454,1
522,515.7224259755133,0.0,1364.4194744410102,1
523,1556.8218402038103,0.0,3508.5647670449516,0
524,3803.2470353419744,1186.8379313346975,7366.485695003484,0
525,221.59523497938991,0.0,810.7056484529611,1
526,4739.002887548853,1435.6053473730644,8587.584225107012,1
527,1847.0799091189422,0.0,4301.15959512622,0
529,1328.9401068450122,0.0,3525.811992563163,0
530,184.5886615794812,0.0,475.0499094955622,1
531,367.66510522484487,0.0,1001.2597862385295,0
532,2941.501561447299,664.0473884275822,5909.004957904785,0
533,1647.733673402921,0.0,3956.544208871208,0
534,571.0550020681557,0.0,1854.4744838415222,0
535,435.3007162404293,0.0,1424.5865594574761,1
536,3170.581123361442,0.0,7425.9299067072425,0
537,6297.0923651031,1861.4382887045797,11530.335789434435,1
538,600.7390369871796,0.0,1354.4902993113603,0
539,4373.342528257912,899.81923311262,9257.641051121527,0
540,298.6173629532562,0.0,1014.2261006034934,0
541,747.058257411244,0.0,1927.5194357537512,0
542,842.4920452813639,0.0,1918.2559478574044,0
543,2840.417181462483,0.0,6597.164026365713,0
544,1093.6399264417914,0.0,2555.2315887057925,1
546,818.1830658490518,0.0,1890.4228640143929,0
547,3348.964556309544,0.0,7774.649392206785,1
548,5677.957688409899,1189.954746405931,11660.133254561968,0
549,137.48992008050897,0.0,458.1810941699395,1
550,2765.4418160567643,855.918639774617,5019.316512584192,0
551,673.4170974835528,0.0,1728.0002829258335,1
552,2265.058487480432,0.0,5194.499933652004,1
553,1324.2855220261642,0.0,3094.9580042048524,1
554,4635.246307789178,1382.9947853340038,8869.533832873738,1
556,2501.5211446313056,0.0,6219.807524729,0
557,855.2357294324294,0.0,2265.418616470806,1
558,1282.2525973458576,0.0,3022.365274934158,1
559,3238.6939981400665,644.7073101541176,7205.504441356628,0
560,356.8392278848748,0.0,1110.4063544407036,1
561,2694.6528679008948,823.9812915125588,5090.609046078424,0
562,1556.38564602858,340.24123818861807,3287.610243446792,0
563,407.21207283457187,0.0,1056.966288803127,1
564,1465.56212778961,0.0,3315.8626511137923,0
566,388.5066773137479,0.0,1382.3073084137293,0
567,1544.5824633255972,0.0,3594.2479067904014,1
568,704.0080035160271,0.0,2388.015414519574,1
569,1664.868470173471,0.0,4465.828333177084,0
570,410.2140731690762,0.0,1082.611996023878,1
571,5986.5460013874035,1828.2957956858015,11396.11224484993,0
572,3785.048595862596,856.6555608935586,7900.311574730786,1
573,3324.583906318276,781.5495847834144,7413.964146381734,0
574,3298.4999407125074,737.9392030721036,6673.7898759803875,1
575,4572.151802873644,925.2694994185828,8999.73659596811,0
576,1243.3835397651342,0.0,3256.1262716444157,1
577,2164.1170603829696,0.0,5669.118117844418,1
578,3680.659723341284,0.0,8385.686942832048,0
579,1901.524737845212,0.0,4464.152639265613,1
580,1034.63171308232,230.88648235273132,2185.709414746683,0
581,2185.9429045560355,437.1005337411121,4359.563818234727,1
582,1620.177385315368,0.0,4340.920983554857,0
583,822.2351441804785,0.0,2209.626764087423,0
584,2157.1859854472887,429.8433298065533,4442.078077280678,1
585,836.7481913829637,0.0,2003.4071944492316,1
586,602.2850742242488,0.0,1376.787946542356,1
587,98.30688604995395,0.0,328.1463679288398,0
588,3531.8489699891225,1094.626630696162,6704.568699421757,1
589,1790.1133649258556,399.26556510861917,3827.372794963336,0
590,940.1665564209777,0.0,2074.498079191119,0
591,1325.4616258820583,0.0,3523.9580020563617,0
592,1557.5525821910803,0.0,3597.001976410629,0
593,1321.8249239486247,0.0,3247.69727250992,0
594,3200.5547893132325,1046.4198107918694,6080.001755519337,0
596,926.7691615295995,213.4481120636266,2086.730612327128,1
597,1383.954423774089,0.0,3791.2816864365586,0
598,2868.7863905395616,836.6927750755963,5814.825329000042,1
599,2752.1989694217164,0.0,6299.414184478651,0
601,749.5102336822438,0.0,1838.4944537621006,1
602,3528.6939046319203,1040.4141102857961,6936.218530012376,0
603,983.912895808679,0.0,3435.10292131975,1
604,2758.770258368528,589.8716484305899,5862.783702601121,0
605,1382.5610711678805,0.0,3245.566813406334,1
606,816.0856740361188,0.0,2173.4878104353156,1
607,1658.5617133828143,0.0,4172.883003060597,0
608,1259.8901845371795,0.0,2889.551258440852,0
609,954.9132942255728,0.0,2450.9295098141783,0
610,5280.286035723023,1658.7173049008074,9723.546047243228,0
611,528.689993259785,0.0,1702.9949422395555,0
612,1373.0511018484506,0.0,3038.2710778657424,0
613,3303.785462749579,651.0617343864202,6776.42298761603,1
614,1536.672864083828,0.0,3635.837375919525,0
615,1147.3191243977922,0.0,3254.748484239471,0
616,2709.8575344564038,531.493682140063,5517.557578918833,1
617,376.1895236226739,0.0,894.2043402610458,0
618,1791.4319550277621,0.0,4394.929911941655,0
619,644.5243471337665,135.023043581523,1420.4304427153766,0
620,2349.070752624252,0.0,5269.912411272829,0
621,829.6747246513582,0.0,2103.110155546805,1
622,1283.059586845404,0.0,2824.970361768168,0
623,3000.9138209809685,827.1152640276434,5757.316655180222,0
624,1421.6071239073858,0.0,3676.833612636473,1
625,3740.402984636273,0.0,9991.519658299423,1
626,756.5565463140708,0.0,1951.4749365385273,0
627,981.8615468501467,0.0,2556.4658205697033,0
628,2405.3376114896237,0.0,5773.0916772082455,0
629,3964.864658307196,1224.3021563224352,7659.9864935778505,1
630,1776.9906920768167,360.7403588274103,3449.1755831398787,0
631,619.3057245528504,0.0,1447.9185057057637,1
632,1743.3233555984827,0.0,4238.102545430817,0
633,2203.954555924438,454.6576085036202,4877.220567700796,0
634,468.49751056929466,0.0,1501.9174011618763,0
635,2231.303782959742,0.0,5061.50681154293,0
637,1174.0811182024445,240.84800670946552,2388.912142544603,1
638,2171.439693116507,0.0,5147.197377322462,1
639,103.12005044247309,0.0,336.2129110236405,0
640,1749.2367080300805,0.0,4086.7640157130413,0
641,1777.0130256373166,0.0,4040.102895353978,1
642,1296.5698276714704,281.558930763388,2767.0873077154347,1
643,419.2961242031378,0.0,950.5730381823594,0
644,2687.75127565641,0.0,6257.008720412521,1
645,868.4622140091739,200.9916025368235,1783.8624465367552,0
646,2499.305769445009,489.73227740141067,4911.22073169116,0
647,1546.2020380677643,0.0,5144.176258385946,1
648,3724.28078212372,1207.1798821441016,6834.264067445316,1
649,984.3990650015712,0.0,2477.735672273483,0
650,3484.7470917858745,767.5756525592325,7554.111210418129,0
651,490.59518684310405,0.0,1325.0678991448046,0
652,1810.3139470074468,0.0,6021.640247090625,1
653,249.96524626204896,0.0,684.7419691743074,0
654,4286.117073225414,930.2222800616379,9203.745471772743,0
655,5110.233946208004,1113.1375402617894,10170.499551548264,0
656,2311.728527713781,0.0,5890.5737875219,0
657,644.0025110598868,0.0,1669.3152759976924,0
658,2314.2318783796522,0.0,5411.388174712848,0
659,2713.3066600894194,0.0,7170.030103544793,0
660,3535.0239562061793,674.6300405913272,6756.454870069043,0
661,2007.40137127199,407.9657641423294,3992.0358054113317,0
662,4032.076753164707,1191.5947965897208,7316.762333291692,1
663,1257.236114226358,0.0,2892.210227571685,1
664,4195.8348475503235,1296.415651310891,7655.888400144127,0
665,2885.90665484434,630.6643616913068,6139.940559983396,0
666,6609.625818900923,1971.9330254539102,12190.77786257101,0
667,771.8939726556188,0.0,2029.1232237821266,1
669,2016.5634518294369,0.0,4551.5674472276405,1
670,3906.898001363822,1427.9659225080727,7005.515889298503,0
672,5293.125493804666,998.5849100011397,10636.683617236717,0
673,1992.5402811820463,437.1861190095316,4102.433190042009,1
675,558.7897939996669,0.0,1288.2697209065439,1
676,5143.427025264076,1474.5320151145668,10242.250548413858,0
677,1926.6934060744632,0.0,6777.49228231317,1
678,1350.6900805399962,0.0,3023.842189900797,1
679,2154.1491548556805,0.0,5925.103428910279,1
680,1091.6789708567335,0.0,3681.618211415263,0
681,269.6083418254685,0.0,632.1891492893456,1
682,106.50731290461555,0.0,351.62504100725425,0
683,973.1281209523106,0.0,2255.8862010193156,0
685,1393.6680343949138,280.4092325242864,2929.935584616323,1
686,2484.0811581564253,545.450708256527,5332.157488385044,1
687,1399.6627698042594,312.5424276866192,3169.6878583449216,0
688,2514.8002762537067,549.8029394298532,5384.530584323674,1
689,862.4854194615866,178.84270579893615,1843.8797983840655,0
690,7290.77272452684,2207.3388890490883,13940.347279000089,1
691,2546.7927542959333,0.0,6061.225061091537,0
692,365.3625754408619,0.0,1194.8440474171991,1
693,3597.3896580554033,1022.5625463902389,6658.774356711788,0
695,309.9881768933152,0.0,1104.9641493534284,1
696,984.7408516696142,0.0,2241.5606777397415,0
697,479.5988905641432,0.0,1633.9342418003496,0
698,1589.7966322438099,0.0,3826.858105734673,1
700,3209.0480878263206,1009.5547229184981,6082.127206907869,0
701,1690.4300315147395,0.0,4028.105627773178,0
702,3395.173211846722,0.0,7466.134858910189,0
703,2203.7258112567915,0.0,5185.009962681195,1
704,4687.802052360054,941.7075196799152,9673.840094190244,1
705,1460.1761267228833,0.0,3462.36609833531,0
707,850.8590581475938,0.0,1905.9804307498816,0
708,651.3089887799175,0.0,1496.044233024166,0
709,809.2652407179717,0.0,2200.763020151566,1
710,1624.2893863611644,335.64621617599727,3144.454305673042,0
711,1976.751977379199,0.0,4475.891627578002,0
712,1379.326504145072,0.0,3778.1560339415296,0
713,340.6222494333926,0.0,928.4275913559073,1
714,1348.221225869852,0.0,3137.4260028320105,0
715,2716.6116921264593,0.0,6285.450517830983,0
716,3462.3221952795334,0.0,8414.350028274148,0
717,174.50060525628675,0.0,581.9099748010524,0
718,361.3941316254018,0.0,951.864610027834,1
719,571.0132958317537,0.0,1865.3030966294384,1
720,855.5684409385068,0.0,2884.770934253268,0
721,1720.35822257071,0.0,4445.99412403614,0
722,531.2373063324494,0.0,1719.724468912153,0
723,1313.7212912474001,0.0,3312.4375059902823,1
724,1303.092917638255,0.0,3429.1996385516222,1
725,1453.9025238214404,431.4800204653281,2697.462792980022,1
726,2584.1556068343307,517.1768272345008,5009.328961121087,1
727,3176.105934154614,938.839037788464,5888.713010931031,1
728,486.88220687069264,0.0,1337.9692333902894,1
729,63.35820388813656,0.0,167.46020604945173,1
730,1289.1284219132365,0.0,4371.740585760579,0
731,1922.2146996356587,410.2524492088606,4090.5623196675433,0
732,2785.095889250818,0.0,7613.86636991202,1
733,818.2228988404344,0.0,2112.8991295833785,0
734,873.6605989359355,0.0,2296.0733177779884,0
735,1280.8877067947888,0.0,2947.571674296586,0
736,886.5233623626,195.69048888900127,1854.4627094105742,1
737,885.3595980574484,0.0,2373.3853844242176,0
738,875.1717525552899,0.0,1956.1162483246712,1
739,3954.7004962275973,871.8319238852775,8366.135462571809,0
740,1953.0050876876855,427.33261125282587,4078.2645132174916,0
741,2569.6234889199945,0.0,5918.684352123352,0
742,273.17873912110304,0.0,744.2807202236519,0
743,312.03691794620033,0.0,733.0817099749833,0
744,3551.550007359531,767.0733916816637,7168.300667014659,1
745,1249.397917760571,0.0,3318.473891748625,1
746,1409.2103125086094,0.0,3916.765187366561,0
747,1056.172774769177,0.0,3495.0575482415484,1
748,2383.495213043528,0.0,5357.582251201235,0
749,2525.5492815575326,573.7166595647544,5330.888717036304,1
750,187.63841928966013,0.0,625.6120167739745,0
751,1888.67364539786,0.0,5055.463683472144,0
752,701.146141234275,0.0,1827.71030139528,1
753,1599.673245760623,0.0,3692.941826814223,0
755,6237.46551268651,1390.2250154766332,13132.198423067215,0
757,585.1407996795209,0.0,1330.138296239477,1
758,782.367098118582,0.0,1833.4961503397133,0
759,2895.45623832783,593.1804935462246,5819.100792727889,0
760,955.9155391317714,0.0,2296.1225026999173,0
761,3843.2248771247964,0.0,8394.842674324178,1
762,932.3489717347437,0.0,3185.090845936577,1
763,2979.4920274756782,656.1441859361801,6131.317254046343,1
764,1249.3441444267069,0.0,2966.3881267013207,0
766,262.4675074805058,0.0,877.3487040524128,0
767,440.502939112854,0.0,1176.646945165224,0
768,1081.8423397786946,240.27109404152083,2303.325309340407,1
769,764.6146039558363,0.0,1748.395460510964,1
770,4960.774085977008,980.9559927801606,9784.215981790023,0
771,766.4338089946727,0.0,2525.3619958663285,0
772,751.9015510341102,0.0,1766.898353328641,1
773,1431.6529721047696,0.0,3748.869010165629,1
774,1493.6411771908352,302.1610398407509,2976.14728058397,0
775,568.9055983490177,0.0,1285.481621943272,1
776,1678.7433666301317,359.9572458458382,3315.761260438857,0
777,1644.7065706763851,0.0,4155.461504315428,0
778,2589.771106282892,539.7874052324711,4973.931692397549,1
779,1445.6162608753434,460.8866103562022,2817.4221965081424,0
780,300.5579497631701,0.0,1014.0146972223037,1
781,2560.1526388076663,753.700707229696,4558.96079249265,1
782,2497.73194012369,0.0,5464.55747058565,1
783,2367.2730952393986,463.09497870413264,4941.882394989136,0
784,493.8098590464096,0.0,1824.172578499157,0
785,751.3602683365118,0.0,2025.3116101557264,0
786,687.2520595850674,0.0,2186.113464808608,1
787,2121.547468321455,0.0,4867.464830616108,1
788,1005.4829297399353,0.0,3385.7815681397033,0
789,798.8886786801869,0.0,1830.8437454171217,1
790,90.71990353832753,0.0,294.1858358063916,0
791,1749.1233702876648,0.0,6238.928716785033,1
792,359.15884783311606,0.0,987.3536496516648,0
793,1476.3822839196941,332.888102257329,3108.6901555022796,1
794,1295.741164900965,364.946075030808,2627.2815856281454,1
795,123.45444303501613,0.0,423.18139510778497,0
796,91.6500578613842,0.0,240.07139348780584,1
797,2308.747805111445,495.4281714441251,4817.813204215868,1
798,2411.992371785521,0.0,5555.088407735035,0
799,23.571304828716613,0.0,83.44016477082516,0
800,4716.817300901518,1453.015533408922,9204.399324312555,0
801,5291.182652229756,0.0,11888.04284117414,0
802,1242.0524017565056,0.0,2807.6221753065965,0
803,2453.4712438919964,753.6802157701078,4619.055308604349,0
804,1588.7046693212876,0.0,3634.3703506730376,0
805,6170.0589587910035,2484.2717773277564,10470.07444459991,0
806,1170.561936079448,0.0,2762.13228837447,0
807,686.459803883696,0.0,1597.802819386175,0
809,399.1960517233477,0.0,1127.5430982157459,1
811,1419.378049568943,0.0,3771.254865564763,1
812,2672.165394843194,0.0,6522.623045352547,0
813,2258.8003273282657,431.9593275578139,4888.951531988567,0
814,2496.8919415637224,748.7462197236715,4717.810216982368,0
815,4127.30935782067,1007.4078665232914,7943.999487428736,1
816,689.0168197963638,0.0,1862.013678994697,1
817,1039.7320705243476,214.8970099845756,2068.18312736409,0
819,370.8111370545564,0.0,1229.11003282411,0
820,883.6049373932042,0.0,2382.5461686764847,0
821,1510.9199325484558,0.0,3986.5214870942127,1
822,3899.512739395175,1135.174962877171,7401.892944279135,1
823,399.2700212066342,0.0,1087.1442836628598,0
824,504.6632502517508,0.0,1352.295262575658,0
825,2969.6352952656143,659.794533332185,6106.71056654749,0
826,991.7550074775015,223.5301840697694,2068.5212285292478,0
827,825.1760866449625,0.0,2128.402248792051,0
828,6113.007603186507,2234.917701623338,10711.446573425077,0
831,2563.702465056473,782.9402660061014,4744.7590117827085,0
832,3787.584047554106,808.3900303999025,7875.506014125975,0
833,926.139171414545,0.0,2375.5919568875843,0
834,99.12162654226341,0.0,338.1560395800072,0
835,1607.3459782341952,0.0,3911.1377735520427,0
836,700.4988068703439,0.0,1889.4248686236124,0
837,1137.4066822375744,229.6412675150734,2292.0730677535166,0
838,1974.7335440674626,456.0623204079905,4166.571977160262,0
840,5756.586482000517,1942.1787456771838,10896.322243536859,1
841,1437.8365862990172,0.0,4824.865472022432,0
842,2665.991266845312,574.2198858306278,5192.246139143233,1
843,196.27917738697542,0.0,681.2016977258012,0
844,403.39932795713946,0.0,1088.377550307243,0
845,3045.9008448537465,575.5018661333739,6635.100048360836,0
846,3066.2447570947447,0.0,7161.303214815345,0
847,842.8175320027535,0.0,2249.846653495806,0
848,3474.9203979705944,0.0,7922.289055728006,1
849,1236.8003684472155,268.6328728742941,2740.0592098346374,1
850,495.167583629927,0.0,1327.0645381631152,1
851,1075.7126155558237,0.0,2958.5753739337533,0
852,874.4951093401859,0.0,2225.513091382663,1
853,678.4300855768969,0.0,1503.625531117543,0
854,6.184659018007948,0.0,20.80134247178643,1
855,575.7617129486605,0.0,1489.4964952644393,1
856,412.8260054884488,90.22709371976342,869.6431312394689,0
857,1293.1180738072417,0.0,2911.975210859989,0
859,3133.75683418974,681.8532961894396,6006.4937125403385,0
860,806.9646938882235,0.0,2132.9121341749246,1
861,1877.1916065339083,0.0,4866.663276194253,0
862,1538.1842209910026,308.8788153684119,3263.6536746062416,0
864,157.27871015518372,0.0,521.364914637244,0
865,2350.684523322203,0.0,5249.084789205113,0
866,3195.3437969169354,958.3900006016297,6494.237341493412,0
867,1398.85356250628,300.3029515849722,3061.38043585691,1
868,866.4143235032518,0.0,2363.0879948933853,0
869,41.220022262640285,0.0,138.2132800537099,0
871,1333.513535932208,292.2119141760069,2775.8279980740053,0
872,1169.5576837727301,0.0,2792.8531424391376,0
873,1529.2759549787181,0.0,4166.897227066262,1
874,2527.7799494388664,0.0,5892.870917247869,0
875,581.0252967220371,0.0,1500.7149383928595,0
876,785.3385546321232,149.73715684048548,1715.5425537512692,0
877,5088.547868196071,1095.3459626283627,11021.793405884915,1
878,2256.4196740384523,0.0,5283.102902675592,0
879,1199.3754043112806,0.0,3892.1198807248084,1
880,1233.9452937589886,0.0,4098.143431577445,0
881,2678.73565128607,587.9530555736022,5985.358343281249,0
882,1780.3544069865961,0.0,3939.4454228775767,0
883,171.63278482980186,0.0,469.2418491388947,1
884,1453.545610059863,0.0,4134.027756640211,1
885,876.8610197573007,0.0,2406.6645986498193,0
886,1601.891355672065,0.0,3689.689024760003,0
887,3511.4549713231745,687.3587396703302,6906.03476153707,1
888,5995.59945808193,2234.963462668001,10754.94784587768,0
889,1487.9770327610481,0.0,3772.8290706039493,1
890,200.40048234468154,0.0,669.1005413595851,0
891,4835.095487434153,1725.6840385114524,8925.7154418826,1
892,5680.660920216703,1281.459852014048,11697.74192568004,1
893,1196.3454652400558,0.0,2693.7113457024184,1
894,1460.3780124568707,0.0,3362.7477660613267,0
895,1190.3466416553713,0.0,3239.9620366826616,0
896,2090.3222634583217,0.0,5042.034526360821,0
897,1252.68825968442,0.0,3166.794789820747,1
898,177.322080707087,0.0,587.4020083878955,0
899,5369.953622593725,1666.6365081560832,10303.086901047267,0
900,3420.8484646041284,0.0,8101.763749261516,1
901,1435.5007710027414,0.0,3880.6555104914214,0
902,6945.599498976966,1526.9498515502212,14451.16045171844,1
903,1790.4483969207022,0.0,4173.205011859423,0
904,1106.7044652671173,0.0,2999.103513496539,1
905,3759.9132990453286,777.6762053161625,7299.380491976612,0
906,424.76052732856755,89.31010756050122,920.3652106560851,1
907,590.2208449806916,0.0,1607.370591706892,0
908,693.8219168394106,0.0,1798.3209331473404,0
909,2148.0017293581764,0.0,4801.962753872961,0
910,859.6343710138735,0.0,2352.753608220084,0
911,1854.530159434928,408.75129594788956,4019.750493143708,0
912,2031.4931673946448,0.0,4242.428250494266,1
913,1846.747944067782,0.0,6331.959833493117,1
914,153.28803424112888,0.0,415.92906460885274,0
915,5103.426271259771,1836.040559218747,9203.637955550945,1
916,1935.76902800598,407.21111414546345,3984.667294167927,1
917,1525.7239874769323,295.46786975626054,2844.2291237623763,0
918,918.4283230670684,201.13327198563186,1945.4949983848387,1
919,943.7239263429806,205.96277241084775,2046.5107432964417,0
920,650.7458252618638,0.0,1519.7915751153778,0
921,1806.7492270038742,678.3821589025212,3366.9897235678577,0
922,914.8939925025114,0.0,2234.868118225249,0
923,1274.2471453220296,0.0,2946.2321008395866,0
924,2341.140561357995,0.0,5321.608454995475,0
925,1463.4777759670496,0.0,3913.343826773003,0
926,828.0503880254385,0.0,1878.0859664887912,0
927,825.7373072554086,184.6050333014905,1684.3699783820264,0
928,5001.480598815967,0.0,11493.465149659458,1
929,1111.7298038229346,0.0,2628.4065842507507,0
930,2676.315812498832,608.6308355718022,5456.354442961853,0
931,1735.2631371428854,0.0,4073.7105359803704,0
932,248.24771033032502,0.0,565.2515125322174,0
933,2529.5724706311953,0.0,5742.217632855791,0
934,2291.967883237083,499.4325051254263,4956.2056013479605,0
935,97.0030062783018,0.0,255.03055224956356,0
936,1023.2318853660415,328.61803235158163,1949.298442774495,0
937,2236.633764572909,449.9027255804061,4457.345333367748,0
938,1674.719578237641,0.0,4169.919457125542,0
939,384.45218798533085,84.69714126419512,815.4215199862967,0
940,3362.998619289395,966.4072584585941,6614.199889451677,1
941,1151.7351333741256,0.0,3803.1765923212724,0
942,1180.0707455676613,0.0,3100.261067343327,0
943,1896.725685611618,0.0,4345.98393431148,0
944,2849.2499801284725,733.775740825316,5232.021965223787,0
945,2729.665056494703,0.0,7280.590882741079,0
946,2243.5118500570484,0.0,5197.904103323759,0
947,2699.5886226162183,842.1091458528912,4974.620527885769,1
948,1328.5267911614546,0.0,3028.87250401173,0
949,307.6357841452088,0.0,819.0672939475942,1
950,458.0841164640116,0.0,1233.511814156243,0
951,1599.5771641177942,0.0,4137.477826438741,0
952,2318.502114835577,498.4281165786029,5072.2472019634715,1
953,943.563430348482,0.0,2407.9836113568654,1
954,408.37693539251495,0.0,1132.842443363294,0
955,5619.166564965875,1132.4502833097054,11294.193320911705,0
956,1914.3592138925453,714.4160282104785,3368.7952948837788,0
957,1964.1095051880932,423.4774869911349,4264.939881347984,0
958,2699.1398275412594,529.7037577882769,5451.445477911951,1
959,322.15641827803984,0.0,868.509728110118,1
960,955.7943859589199,0.0,2420.766762124324,1
962,2345.9684240524307,832.5062123956479,4115.37796502521,0
963,1438.009099749708,0.0,3736.806641748112,0
964,2610.764784612045,540.3925408130518,5679.069793105081,1
965,132.16859957143427,0.0,442.326233318837,1
966,1624.8415727222466,341.9623403577524,3081.3001414885534,0
967,3741.384846395071,0.0,10107.606797851846,0
968,1632.762007379401,359.69486538699147,3336.3775253959698,0
969,3344.237857637916,665.6198674056537,6690.863551019478,0
970,2402.0423668685617,0.0,5483.069636419576,0
971,1016.1977319628893,201.34360253357949,2067.731310000669,0
972,1274.3772691894708,0.0,4280.23763531917,1
973,3071.7267731091356,651.2084248821974,6176.7307211100515,0
974,1728.4171864443883,400.99458311798435,3767.5399012873795,0
975,2855.305334430303,0.0,6613.410917974346,1
976,627.3490464436381,0.0,1434.5694103933583,1
977,2552.8909826389463,0.0,6623.8316114258205,0
978,2203.235478647252,399.41144219254653,4196.039108059964,0
979,815.888131773591,0.0,2672.863702402684,0
980,4433.499934717879,1233.9560863165236,8601.51254028162,0
981,2471.0547143339345,497.3425597223469,5147.756021983143,0
982,2093.972876067367,0.0,4865.41594820643,1
983,2599.000519356189,511.2480533009123,5260.191570513134,0
984,1391.4452251194327,304.45750465602316,2959.7003412520103,1
985,3657.7539983244833,757.9727488623995,7445.835606795895,1
986,376.74506250331444,84.0137180404056,767.8530118496826,1
987,2660.185957642828,577.4483005073772,5645.475241811432,1
988,1021.6997571264178,0.0,2384.855430144895,0
989,2208.8785788174496,475.4380306599416,4803.350702187321,1
990,3132.132591539535,625.8462884478135,6275.490349783062,0
991,134.63289382430415,0.0,360.75149774938455,0
992,3064.1759997565396,0.0,10114.507157566057,0
993,629.9900817469428,142.06843684404566,1295.2457834860309,0
994,3149.990873144964,643.8519916979301,6417.032456335855,0
995,4602.299378844196,964.7322551229868,9326.165230821398,0
996,379.75927801010715,0.0,1317.2330179867124,0
997,2742.893066747886,624.1182666491999,5864.848470061059,0
998,3815.2100032535523,0.0,7822.323319780285,0
999,1195.3978898110668,0.0,3190.0918145612413,0
1000,717.9302503485411,0.0,2489.492361716637,1
