transaction_id,user_id,amount,month,treatment
1,759,18.17,Jan,1
2,899,88.42,Mar,1
3,243,16.53,Jan,0
4,543,103.08,Feb,0
5,40,5.97,Mar,1
6,229,60.82,Feb,0
7,548,38.9,Jan,0
8,920,5.08,Feb,0
9,223,13.85,Feb,1
10,6,0.62,Jan,0
11,322,31.63,Mar,0
12,468,17.92,Feb,0
13,732,45.61,Jan,0
14,75,17.64,Mar,1
15,4,17.83,Mar,1
16,847,67.97,Mar,1
17,646,2.47,Feb,0
18,118,116.6,Feb,1
19,881,95.62,Feb,0
20,606,55.1,Mar,1
21,504,44.97,Feb,0
22,998,111.42,Jan,1
23,947,10.25,Feb,1
24,574,4.11,Feb,1
25,441,13.69,Mar,0
26,194,79.13,Feb,0
27,847,1.76,Jan,0
28,715,43.71,Mar,1
29,392,269.49,Jan,0
30,26,96.79,Mar,0
31,435,36.85,Mar,0
32,173,3.29,Feb,0
33,300,89.0,Jan,0
34,645,45.69,Mar,0
35,326,6.1,Feb,1
36,410,4.93,Mar,1
37,118,120.19,Mar,0
38,836,55.31,Mar,1
39,787,88.39,Mar,1
40,724,105.59,Mar,0
41,225,42.41,Mar,0
42,532,36.43,Feb,1
43,113,28.14,Mar,0
44,140,19.06,Jan,1
45,559,28.51,Feb,1
46,1,74.33,Jan,1
47,90,46.06,Mar,0
48,654,111.52,Jan,1
49,320,29.29,Mar,0
50,550,46.71,Mar,0
51,805,49.89,Feb,0
52,894,44.79,Feb,0
53,139,60.64,Mar,0
54,511,13.55,Feb,1
55,868,35.91,Jan,0
56,845,5.5,Feb,0
57,259,24.27,Feb,0
58,673,33.44,Jan,0
59,902,52.81,Feb,0
60,690,150.32,Mar,1
61,10,45.9,Jan,0
62,261,68.05,Mar,0
63,919,35.29,Jan,1
64,650,50.27,Mar,0
65,172,3.68,Mar,1
66,898,14.68,Feb,1
67,13,22.46,Mar,1
68,168,31.98,Feb,1
69,642,2.34,Jan,0
70,596,7.54,Mar,0
71,321,16.2,Mar,1
72,319,177.95,Jan,1
73,613,20.12,Jan,0
74,329,32.89,Mar,1
75,785,10.91,Jan,1
76,777,47.18,Feb,1
77,971,16.47,Jan,0
78,911,11.6,Jan,1
79,920,36.34,Mar,0
80,550,0.28,Feb,0
81,419,0.38,Jan,0
82,606,12.36,Feb,1
83,95,1.87,Feb,1
84,817,5.72,Feb,0
85,581,20.69,Mar,0
86,318,81.12,Jan,0
87,956,42.44,Mar,1
88,236,35.94,Jan,1
89,946,17.37,Jan,0
90,334,134.23,Mar,0
91,885,25.29,Feb,1
92,376,4.56,Feb,0
93,459,47.99,Jan,1
94,137,6.04,Mar,1
95,930,21.17,Feb,0
96,588,35.4,Feb,0
97,995,103.66,Jan,1
98,547,34.02,Jan,1
99,513,60.58,Mar,1
100,296,246.8,Jan,1
101,320,7.05,Feb,1
102,918,16.06,Feb,0
103,572,25.09,Feb,1
104,832,27.39,Feb,1
105,349,26.47,Mar,1
106,840,119.09,Mar,0
107,779,62.59,Jan,0
108,873,46.81,Jan,1
109,229,18.51,Jan,1
110,270,86.8,Mar,0
111,828,155.12,Feb,0
112,798,86.07,Jan,0
113,291,0.08,Feb,0
114,725,50.59,Jan,1
115,165,2.62,Jan,0
116,5,14.89,Jan,1
117,851,3.07,Jan,1
118,379,46.29,Jan,0
119,78,58.01,Feb,0
120,410,6.08,Jan,0
121,574,24.21,Feb,0
122,132,30.46,Mar,1
123,601,23.03,Jan,1
124,749,6.45,Feb,1
125,42,27.15,Mar,0
126,89,69.55,Mar,1
127,402,3.68,Mar,0
128,296,4.18,Feb,1
129,840,21.91,Jan,0
130,295,142.13,Jan,1
131,616,55.22,Feb,1
132,526,56.76,Jan,0
133,800,22.46,Feb,1
134,691,45.03,Jan,1
135,637,0.51,Mar,0
136,422,50.54,Jan,0
137,865,122.26,Feb,0
138,23,47.41,Feb,0
139,575,103.45,Mar,0
140,143,64.36,Feb,1
141,993,6.42,Jan,0
142,665,116.37,Jan,1
143,145,3.44,Mar,1
144,225,38.17,Feb,0
145,503,7.67,Mar,1
146,962,0.59,Jan,1
147,974,27.41,Mar,0
148,821,17.48,Feb,1
149,616,33.28,Mar,0
150,104,43.04,Feb,0
151,947,2.24,Feb,0
152,39,6.56,Jan,1
153,947,40.89,Jan,1
154,198,21.02,Jan,1
155,646,65.31,Feb,1
156,579,52.82,Mar,0
157,391,93.41,Feb,1
158,179,58.96,Jan,0
159,968,28.1,Jan,1
160,554,55.88,Mar,1
161,448,16.11,Jan,1
162,500,18.29,Jan,1
163,15,77.79,Jan,1
164,623,29.57,Mar,0
165,669,80.07,Feb,1
166,289,86.42,Jan,1
167,478,97.44,Mar,1
168,231,124.23,Jan,1
169,923,28.19,Mar,0
170,420,19.2,Jan,1
171,157,43.64,Mar,0
172,550,23.19,Jan,1
173,441,45.95,Feb,0
174,97,61.14,Jan,0
175,997,58.3,Mar,0
176,411,23.46,Jan,0
177,951,9.13,Feb,0
178,289,28.15,Jan,1
179,254,7.69,Mar,0
180,196,110.41,Mar,1
181,598,21.22,Feb,0
182,834,8.39,Mar,0
183,522,1.29,Jan,1
184,517,51.9,Jan,0
185,635,50.65,Jan,0
186,842,20.82,Mar,0
187,865,3.72,Jan,0
188,118,26.35,Jan,1
189,806,18.64,Jan,0
190,909,56.52,Feb,0
191,159,46.54,Mar,1
192,815,22.67,Mar,1
193,228,12.29,Mar,0
194,877,221.29,Feb,0
195,216,30.26,Mar,1
196,948,58.28,Feb,0
197,696,7.57,Feb,1
198,15,33.24,Mar,0
199,157,1.4,Jan,1
200,648,35.21,Jan,1
201,261,166.24,Mar,1
202,157,24.24,Mar,0
203,47,1.99,Feb,0
204,324,1.57,Mar,0
205,844,24.55,Feb,0
206,685,8.72,Mar,1
207,130,1.18,Jan,1
208,411,70.57,Jan,1
209,95,30.67,Mar,0
210,627,17.07,Feb,0
211,755,115.17,Jan,0
212,932,6.17,Feb,1
213,292,156.09,Mar,0
214,794,18.84,Mar,0
215,811,109.64,Jan,1
216,283,46.18,Mar,1
217,69,87.64,Jan,0
218,660,206.8,Feb,1
219,11,17.01,Jan,0
220,254,162.38,Jan,1
221,842,24.67,Feb,1
222,872,24.35,Jan,1
223,550,20.81,Jan,0
224,134,38.98,Mar,0
225,712,8.37,Feb,0
226,23,40.34,Jan,1
227,815,39.01,Feb,1
228,346,71.75,Feb,1
229,302,89.68,Jan,1
230,363,29.03,Mar,0
231,396,18.0,Feb,0
232,218,15.01,Jan,0
233,141,10.82,Feb,1
234,616,2.97,Mar,1
235,958,20.96,Mar,0
236,210,15.75,Mar,1
237,985,169.69,Jan,0
238,993,40.79,Jan,1
239,623,21.33,Mar,1
240,616,43.43,Jan,0
241,828,7.49,Mar,0
242,683,29.35,Jan,1
243,460,49.21,Mar,0
244,356,33.56,Feb,0
245,324,25.69,Mar,1
246,133,254.55,Mar,1
247,888,106.14,Jan,1
248,805,48.83,Jan,0
249,840,42.13,Jan,1
250,127,48.47,Jan,1
251,106,11.24,Jan,1
252,604,25.14,Jan,1
253,799,2.01,Feb,1
254,378,32.27,Mar,0
255,905,39.16,Mar,1
256,51,12.92,Mar,1
257,29,166.25,Feb,0
258,462,120.1,Mar,1
259,296,64.03,Feb,1
260,297,38.11,Feb,0
261,726,102.0,Feb,1
262,779,7.0,Mar,0
263,407,78.15,Feb,1
264,769,6.67,Mar,0
265,814,79.05,Mar,0
266,613,16.13,Jan,1
267,405,104.82,Jan,0
268,346,144.16,Feb,0
269,622,8.06,Feb,1
270,420,31.06,Mar,1
271,182,198.13,Feb,0
272,983,33.03,Feb,1
273,825,99.59,Mar,0
274,1,44.43,Feb,0
275,831,23.53,Feb,1
276,950,16.83,Mar,1
277,567,11.36,Mar,0
278,371,71.73,Jan,1
279,936,24.43,Mar,1
280,911,35.8,Jan,0
281,661,33.9,Feb,0
282,431,43.05,Mar,0
283,969,100.34,Mar,0
284,309,197.48,Mar,0
285,137,26.18,Feb,0
286,202,87.87,Jan,1
287,436,72.31,Feb,0
288,313,42.61,Feb,1
289,117,156.23,Mar,1
290,666,11.19,Jan,0
291,937,5.79,Feb,1
292,803,96.19,Mar,0
293,575,28.92,Feb,1
294,244,93.86,Feb,0
295,537,111.79,Mar,0
296,602,3.22,Mar,0
297,75,107.48,Jan,0
298,806,29.74,Feb,1
299,386,35.71,Mar,1
300,903,49.25,Mar,1
301,210,130.44,Jan,1
302,475,0.97,Jan,1
303,418,32.39,Mar,0
304,347,58.19,Jan,0
305,529,64.13,Mar,0
306,640,58.97,Feb,0
307,939,7.22,Jan,0
308,955,17.79,Feb,1
309,876,22.21,Feb,0
310,763,81.59,Feb,0
311,179,16.34,Mar,1
312,182,11.83,Feb,1
313,664,157.85,Feb,0
314,25,0.45,Feb,0
315,967,306.44,Mar,1
316,180,56.48,Feb,0
317,710,88.15,Feb,0
318,501,17.45,Jan,0
319,856,0.72,Mar,1
320,161,66.95,Feb,0
321,177,89.83,Jan,0
322,285,67.45,Mar,1
323,63,7.71,Mar,1
324,662,70.01,Mar,1
325,666,73.25,Mar,0
326,156,53.73,Mar,1
327,882,72.65,Mar,0
328,469,93.51,Feb,1
329,49,47.54,Feb,0
330,967,4.64,Feb,1
331,849,33.44,Feb,0
332,84,4.04,Jan,0
333,361,26.17,Feb,1
334,689,26.14,Mar,1
335,148,3.41,Feb,0
336,630,21.45,Feb,1
337,342,5.88,Mar,0
338,476,82.57,Feb,1
339,63,147.53,Feb,1
340,701,3.75,Feb,0
341,360,155.18,Jan,1
342,561,36.97,Feb,1
343,327,17.8,Mar,0
344,769,4.0,Mar,0
345,736,34.72,Feb,1
346,141,79.12,Feb,0
347,990,61.39,Feb,1
348,215,2.58,Mar,1
349,435,3.78,Mar,0
350,891,25.78,Jan,0
351,952,17.5,Jan,0
352,723,13.22,Jan,0
353,318,16.5,Mar,0
354,32,81.35,Jan,0
355,670,132.41,Feb,1
356,285,25.97,Feb,1
357,305,118.28,Mar,0
358,429,19.39,Jan,1
359,477,32.35,Feb,1
360,286,12.81,Mar,1
361,144,51.15,Jan,1
362,424,193.12,Feb,0
363,19,46.25,Jan,1
364,18,22.14,Mar,1
365,769,52.18,Jan,0
366,590,6.56,Mar,0
367,371,109.76,Jan,0
368,175,34.97,Feb,0
369,194,29.83,Mar,1
370,502,44.08,Mar,0
371,988,49.01,Mar,1
372,113,3.72,Jan,1
373,114,57.38,Jan,0
374,222,13.85,Feb,0
375,678,62.58,Mar,0
376,947,86.45,Mar,0
377,831,81.47,Jan,0
378,644,40.2,Jan,0
379,897,36.72,Feb,1
380,264,7.71,Feb,1
381,925,74.66,Jan,1
382,55,15.83,Mar,1
383,871,34.33,Feb,0
384,643,16.72,Jan,0
385,800,7.18,Jan,1
386,778,49.65,Mar,1
387,458,2.79,Jan,1
388,979,69.04,Jan,0
389,878,19.11,Feb,0
390,162,0.01,Jan,0
391,380,35.78,Jan,1
392,993,2.4,Feb,1
393,87,16.16,Mar,0
394,55,61.38,Mar,0
395,476,3.24,Feb,1
396,800,91.42,Feb,1
397,178,0.19,Mar,0
398,391,14.17,Mar,1
399,349,67.53,Mar,0
400,8,19.01,Mar,0
401,833,5.37,Mar,1
402,313,22.33,Feb,1
403,759,15.76,Jan,1
404,835,92.48,Mar,0
405,984,18.8,Mar,1
406,983,77.78,Jan,1
407,443,111.22,Jan,0
408,767,28.44,Jan,0
409,328,120.37,Jan,1
410,54,23.69,Jan,0
411,761,166.32,Jan,0
412,239,4.68,Feb,0
413,229,58.08,Jan,1
414,579,34.04,Jan,1
415,51,24.52,Feb,0
416,609,50.08,Jan,0
417,604,60.85,Mar,0
418,264,0.22,Mar,1
419,418,9.13,Jan,0
420,803,62.42,Feb,0
421,96,54.89,Mar,1
422,88,169.14,Feb,0
423,78,71.57,Mar,1
424,288,150.57,Jan,1
425,120,60.62,Feb,1
426,814,17.69,Feb,0
427,491,5.57,Feb,0
428,912,76.12,Mar,1
429,452,51.66,Mar,0
430,500,2.47,Mar,1
431,165,22.32,Jan,0
432,182,157.1,Mar,1
433,469,34.7,Jan,1
434,910,28.35,Feb,0
435,735,30.6,Feb,0
436,823,11.72,Jan,0
437,944,23.0,Mar,0
438,978,23.09,Jan,1
439,7,2.69,Feb,1
440,330,72.96,Feb,0
441,775,26.94,Jan,0
442,673,86.35,Mar,1
443,151,94.97,Mar,0
444,85,11.91,Jan,0
445,147,53.55,Jan,0
446,624,31.96,Mar,0
447,381,106.08,Feb,1
448,915,12.15,Jan,1
449,548,56.63,Mar,0
450,285,46.79,Mar,1
451,700,17.5,Feb,0
452,82,7.34,Feb,0
453,514,52.73,Feb,0
454,897,67.08,Feb,1
455,815,18.96,Feb,1
456,709,51.76,Jan,1
457,916,25.14,Mar,1
458,523,62.45,Jan,1
459,746,11.11,Jan,0
460,386,110.46,Jan,0
461,707,16.94,Jan,1
462,471,22.93,Jan,1
463,119,2.99,Feb,1
464,396,5.91,Feb,0
465,532,36.27,Mar,1
466,261,15.57,Jan,0
467,805,90.24,Mar,0
468,934,0.74,Feb,1
469,256,23.83,Feb,0
470,734,20.58,Feb,0
471,905,0.98,Jan,1
472,226,6.64,Jan,0
473,53,26.69,Feb,1
474,940,33.95,Mar,0
475,867,25.9,Mar,1
476,500,37.85,Feb,1
477,506,45.21,Mar,0
478,854,0.5,Feb,1
479,364,31.19,Mar,0
480,280,165.52,Feb,0
481,593,36.6,Mar,1
482,714,56.59,Jan,0
483,158,18.69,Feb,1
484,632,74.36,Feb,0
485,59,74.12,Mar,0
486,727,36.83,Feb,1
487,128,186.51,Feb,0
488,736,6.71,Feb,0
489,721,0.85,Jan,0
490,882,73.52,Jan,0
491,115,82.29,Mar,0
492,209,6.4,Jan,0
493,526,15.43,Mar,0
494,521,0.89,Jan,0
495,552,17.36,Mar,1
496,962,74.17,Jan,0
497,237,36.49,Jan,0
498,281,21.39,Mar,1
499,359,23.24,Feb,1
500,201,0.07,Feb,1
501,758,17.82,Jan,0
502,278,51.99,Mar,1
503,235,182.86,Feb,1
504,494,93.89,Mar,0
505,4,1.19,Feb,0
506,666,114.41,Mar,1
507,442,76.44,Jan,1
508,29,75.79,Mar,0
509,109,30.62,Feb,0
510,610,25.38,Jan,0
511,727,18.04,Mar,0
512,805,3.4,Feb,0
513,75,12.95,Jan,1
514,838,14.16,Mar,0
515,146,33.09,Feb,0
516,128,68.81,Mar,0
517,853,32.1,Mar,0
518,42,2.98,Jan,0
519,356,158.25,Jan,1
520,41,142.99,Feb,0
521,934,76.9,Jan,1
522,34,237.38,Feb,0
523,17,39.32,Mar,1
524,677,164.53,Mar,1
525,153,3.93,Feb,0
526,998,22.76,Mar,0
527,378,12.77,Jan,0
528,588,10.9,Mar,0
529,599,7.59,Jan,0
530,629,48.7,Feb,1
531,874,76.01,Feb,0
532,342,43.17,Mar,0
533,981,7.95,Mar,1
534,27,83.33,Jan,0
535,825,50.52,Jan,1
536,287,24.56,Mar,0
537,646,56.06,Mar,1
538,731,15.05,Feb,0
539,168,21.17,Feb,1
540,610,124.74,Feb,1
541,268,17.16,Mar,0
542,749,31.74,Mar,0
543,821,110.43,Mar,0
544,455,61.5,Feb,1
545,906,3.21,Mar,1
546,685,7.97,Jan,1
547,401,0.39,Mar,0
548,922,49.84,Mar,0
549,981,29.68,Mar,1
550,476,7.21,Mar,0
551,702,158.43,Mar,1
552,634,37.71,Jan,0
553,558,13.85,Jan,0
554,576,34.72,Mar,1
555,130,56.91,Feb,0
556,822,3.97,Mar,0
557,363,16.06,Mar,0
558,705,82.24,Mar,0
559,819,30.78,Feb,0
560,693,39.55,Feb,1
561,292,28.35,Feb,0
562,371,2.24,Jan,1
563,794,9.06,Feb,0
564,29,29.49,Jan,0
565,149,11.73,Jan,1
566,779,2.56,Feb,1
567,296,92.78,Feb,0
568,11,198.68,Feb,0
569,512,78.79,Jan,1
570,676,96.13,Mar,1
571,113,13.85,Feb,1
572,187,161.73,Feb,1
573,807,10.97,Feb,0
574,744,151.24,Jan,0
575,227,263.14,Jan,0
576,310,62.19,Mar,0
577,98,198.55,Feb,0
578,55,42.15,Jan,1
579,623,15.02,Mar,1
580,664,28.72,Feb,1
581,758,45.02,Jan,0
582,406,3.79,Feb,1
583,69,48.69,Feb,0
584,312,198.64,Jan,0
585,289,10.54,Jan,0
586,762,78.65,Jan,1
587,548,119.24,Feb,0
588,751,143.85,Feb,0
589,148,161.11,Mar,1
590,467,36.85,Feb,0
591,739,189.29,Jan,1
592,244,70.8,Feb,0
593,491,8.82,Mar,1
594,849,32.4,Mar,0
595,958,63.35,Jan,0
596,507,14.21,Jan,1
597,365,51.17,Mar,0
598,482,54.92,Mar,1
599,201,8.88,Mar,0
600,154,41.63,Jan,1
601,450,73.84,Mar,0
602,501,34.55,Mar,0
603,73,0.61,Jan,0
604,713,0.45,Feb,1
605,296,22.08,Feb,1
606,17,130.32,Mar,1
607,641,12.98,Feb,1
608,217,50.31,Feb,1
609,61,12.56,Feb,0
610,939,19.41,Feb,0
611,616,94.21,Mar,0
612,42,65.26,Feb,0
613,25,5.01,Feb,0
614,39,27.99,Jan,1
615,803,1.48,Mar,0
616,131,32.78,Jan,1
617,498,54.3,Jan,0
618,229,6.31,Mar,1
619,108,17.05,Feb,1
620,172,25.36,Jan,1
621,435,125.99,Mar,0
622,478,249.95,Feb,0
623,102,2.3,Mar,0
624,866,71.57,Jan,0
625,524,23.24,Feb,1
626,275,24.92,Feb,1
627,613,70.18,Mar,1
628,44,125.31,Feb,1
629,955,150.72,Jan,0
630,817,43.03,Jan,1
631,957,22.09,Jan,0
632,17,77.45,Mar,1
633,330,14.45,Feb,1
634,569,41.51,Feb,1
635,823,22.2,Feb,0
636,497,53.45,Jan,0
637,815,13.75,Feb,1
638,12,10.63,Jan,1
639,318,125.2,Feb,1
640,592,5.37,Jan,0
641,216,35.26,Feb,0
642,339,12.48,Mar,0
643,776,1.99,Mar,1
644,991,1.83,Jan,0
645,661,9.63,Jan,1
646,81,100.78,Feb,0
647,727,16.6,Feb,1
648,485,150.25,Mar,1
649,374,43.57,Feb,0
650,976,28.69,Jan,1
651,710,43.39,Jan,1
652,200,36.36,Jan,1
653,537,71.1,Jan,0
654,466,16.6,Jan,1
655,89,21.77,Mar,0
656,268,112.26,Mar,0
657,655,146.36,Jan,1
658,571,111.54,Feb,0
659,922,27.19,Jan,1
660,489,75.79,Mar,0
661,877,32.35,Jan,1
662,538,34.41,Mar,0
663,47,11.45,Mar,1
664,288,44.72,Jan,1
665,778,10.3,Jan,1
666,16,20.14,Feb,1
667,711,96.56,Mar,0
668,401,11.6,Feb,0
669,919,3.69,Jan,1
670,794,3.58,Mar,0
671,981,141.33,Feb,1
672,86,35.35,Feb,1
673,250,26.33,Feb,0
674,391,83.27,Jan,0
675,782,90.34,Jan,1
676,335,20.19,Jan,0
677,629,59.15,Mar,1
678,519,73.73,Jan,0
679,137,53.16,Mar,0
680,883,8.22,Feb,0
681,688,104.33,Feb,0
682,840,38.73,Jan,0
683,498,16.6,Feb,1
684,827,27.69,Jan,0
685,727,1.91,Mar,0
686,477,6.84,Feb,1
687,594,72.52,Jan,1
688,223,0.0,Feb,1
689,990,26.94,Feb,0
690,372,36.96,Jan,0
691,935,2.81,Feb,1
692,995,180.74,Feb,1
693,402,12.82,Feb,1
694,443,18.13,Feb,1
695,490,18.12,Mar,0
696,615,13.1,Feb,0
697,273,0.07,Feb,0
698,526,65.35,Jan,0
699,159,170.33,Mar,0
700,152,12.7,Jan,1
701,995,54.39,Jan,0
702,620,67.72,Jan,1
703,188,94.33,Mar,1
704,813,27.46,Jan,1
705,98,18.04,Jan,0
706,131,19.67,Jan,1
707,805,62.35,Feb,0
708,171,84.85,Jan,1
709,936,10.02,Mar,0
710,986,23.18,Mar,1
711,183,116.11,Feb,0
712,983,82.17,Mar,1
713,364,209.52,Mar,1
714,39,70.17,Feb,1
715,527,24.98,Jan,1
716,888,44.66,Feb,0
717,497,54.09,Jan,0
718,516,4.09,Jan,0
719,349,39.32,Mar,1
720,982,61.78,Feb,1
721,921,9.16,Mar,1
722,397,75.85,Mar,1
723,722,43.83,Jan,1
724,161,152.06,Mar,1
725,16,2.17,Feb,0
726,493,15.42,Mar,0
727,426,46.01,Mar,0
728,108,17.59,Jan,0
729,894,62.66,Feb,0
730,450,71.15,Mar,0
731,311,5.41,Jan,0
732,739,36.06,Mar,0
733,170,35.55,Feb,1
734,546,23.04,Mar,1
735,414,135.1,Mar,1
736,251,87.87,Jan,1
737,759,59.74,Mar,1
738,781,62.65,Jan,1
739,141,30.97,Feb,1
740,274,126.91,Mar,0
741,416,59.31,Feb,0
742,608,65.28,Feb,1
743,739,98.91,Mar,0
744,891,16.02,Jan,0
745,39,82.27,Feb,0
746,814,10.86,Feb,0
747,29,21.18,Mar,0
748,958,20.44,Mar,1
749,477,192.04,Mar,0
750,318,97.08,Mar,1
751,245,60.39,Mar,1
752,748,64.92,Mar,1
753,697,41.29,Jan,0
754,272,146.96,Feb,1
755,440,34.28,Jan,1
756,748,23.94,Jan,1
757,239,8.9,Mar,1
758,377,77.14,Feb,0
759,266,66.3,Jan,1
760,926,24.25,Mar,1
761,921,1.28,Mar,1
762,359,91.32,Feb,1
763,340,0.57,Jan,0
764,389,60.82,Jan,1
765,577,175.76,Jan,1
766,990,28.78,Mar,1
767,689,13.39,Feb,1
768,3,61.02,Feb,1
769,429,84.95,Jan,1
770,142,39.53,Mar,0
771,376,170.62,Jan,1
772,670,2.65,Feb,0
773,324,35.14,Mar,0
774,146,63.37,Jan,1
775,958,99.26,Jan,0
776,293,9.88,Mar,1
777,665,80.47,Feb,0
778,432,40.23,Mar,1
779,705,25.25,Jan,0
780,949,7.06,Jan,0
781,975,100.23,Jan,1
782,585,8.56,Jan,0
783,399,18.54,Feb,0
784,817,17.13,Feb,0
785,889,102.56,Jan,0
786,344,55.84,Feb,0
787,964,79.65,Feb,1
788,140,14.42,Feb,0
789,187,49.02,Jan,0
790,805,42.4,Mar,1
791,61,89.44,Mar,1
792,997,118.27,Mar,1
793,939,0.61,Jan,0
794,380,56.05,Feb,0
795,710,2.66,Feb,0
796,807,39.8,Jan,0
797,440,16.96,Jan,1
798,319,18.32,Mar,1
799,302,21.77,Mar,0
800,344,48.55,Jan,0
801,11,20.33,Mar,0
802,62,65.97,Feb,0
803,845,25.92,Jan,1
804,226,3.54,Jan,1
805,153,76.57,Feb,0
806,711,16.83,Feb,1
807,564,28.35,Feb,0
808,772,57.83,Mar,0
809,571,20.21,Jan,1
810,584,2.91,Mar,0
811,660,23.41,Feb,1
812,861,144.52,Mar,0
813,575,51.32,Feb,1
814,310,55.66,Mar,0
815,885,50.02,Mar,1
816,243,11.09,Feb,0
817,493,27.09,Mar,0
818,366,69.5,Jan,1
819,330,5.34,Mar,0
820,107,16.28,Mar,1
821,226,16.17,Jan,1
822,825,28.28,Feb,0
823,218,196.53,Jan,0
824,937,3.49,Mar,0
825,753,36.56,Feb,0
826,506,9.88,Mar,1
827,259,176.47,Mar,0
828,888,6.01,Jan,0
829,774,25.84,Jan,0
830,517,66.95,Feb,1
831,773,60.96,Feb,0
832,54,27.47,Feb,1
833,47,21.27,Mar,0
834,727,25.34,Jan,1
835,689,15.35,Jan,0
836,521,11.49,Jan,0
837,99,32.99,Feb,1
838,20,15.64,Jan,0
839,890,16.95,Jan,0
840,753,53.47,Jan,0
841,573,172.95,Feb,1
842,891,46.27,Jan,0
843,490,4.01,Feb,1
844,419,3.93,Jan,1
845,690,151.23,Jan,1
846,850,17.64,Jan,0
847,62,4.83,Feb,1
848,145,45.7,Feb,1
849,216,48.86,Jan,0
850,3,52.28,Mar,1
851,160,15.56,Feb,1
852,739,0.76,Feb,0
853,998,167.64,Jan,0
854,781,14.44,Mar,1
855,120,56.35,Jan,0
856,893,61.32,Feb,0
857,89,47.08,Feb,0
858,329,18.76,Jan,1
859,580,15.81,Jan,1
860,910,45.52,Mar,0
861,357,100.53,Mar,1
862,610,146.62,Feb,0
863,267,5.6,Mar,0
864,617,8.41,Mar,0
865,952,144.78,Feb,0
866,323,66.69,Feb,0
867,635,107.28,Feb,1
868,988,11.32,Feb,1
869,541,44.29,Jan,1
870,649,60.39,Feb,1
871,195,56.99,Feb,0
872,921,26.23,Feb,0
873,738,0.78,Mar,1
874,332,43.72,Feb,1
875,170,14.59,Jan,0
876,521,29.91,Jan,0
877,463,158.01,Feb,0
878,40,25.46,Jan,1
879,537,91.57,Mar,0
880,261,10.45,Feb,0
881,395,55.81,Jan,1
882,955,188.63,Jan,1
883,226,5.37,Feb,1
884,984,0.42,Jan,0
885,124,28.42,Feb,0
886,975,4.86,Jan,1
887,38,68.99,Mar,0
888,328,122.99,Jan,0
889,251,28.46,Jan,0
890,901,14.97,Feb,1
891,176,28.49,Jan,1
892,602,64.27,Feb,0
893,914,0.45,Mar,0
894,454,44.51,Feb,0
895,37,47.5,Feb,0
896,316,50.76,Jan,1
897,688,13.86,Mar,1
898,973,62.6,Feb,0
899,796,4.79,Jan,0
900,965,11.11,Jan,1
901,973,104.97,Feb,0
902,593,67.11,Jan,1
903,114,0.69,Feb,0
904,40,14.28,Feb,1
905,301,12.07,Feb,0
906,224,15.79,Mar,0
907,318,14.22,Feb,1
908,349,3.23,Jan,1
909,115,30.71,Mar,0
910,698,65.98,Jan,0
911,323,46.66,Mar,1
912,568,55.87,Mar,1
913,40,4.23,Mar,0
914,866,151.3,Mar,0
915,40,91.16,Jan,1
916,859,81.76,Feb,1
917,973,86.58,Jan,1
918,749,134.94,Feb,1
919,289,39.29,Jan,1
920,262,11.17,Mar,0
921,216,47.96,Mar,0
922,147,67.91,Feb,1
923,336,66.95,Feb,0
924,168,36.85,Jan,0
925,92,3.55,Feb,1
926,353,23.19,Jan,0
927,571,126.77,Feb,0
928,571,43.91,Feb,0
929,816,38.65,Feb,1
930,681,15.66,Mar,1
931,781,22.98,Mar,0
932,363,112.85,Jan,0
933,557,54.9,Feb,0
934,345,77.41,Jan,0
935,693,30.29,Feb,0
936,170,49.75,Mar,0
937,356,14.28,Mar,1
938,191,61.12,Feb,0
939,667,27.9,Feb,0
940,422,29.22,Mar,1
941,700,52.39,Mar,0
942,7,137.66,Jan,0
943,133,3.31,Mar,0
944,747,87.08,Feb,0
945,557,17.29,Jan,1
946,826,29.34,Feb,0
947,761,1.11,Jan,1
948,31,17.91,Feb,0
949,535,34.92,Mar,0
950,426,2.89,Feb,1
951,394,33.77,Jan,0
952,672,130.94,Feb,1
953,363,5.57,Jan,1
954,437,72.29,Feb,1
955,670,26.35,Mar,0
956,551,53.24,Mar,0
957,927,15.07,Feb,0
958,82,8.69,Feb,0
959,356,8.75,Feb,1
960,258,3.65,Jan,0
961,718,10.27,Feb,0
962,589,54.56,Feb,1
963,989,106.72,Jan,1
964,524,84.13,Mar,0
965,295,57.78,Feb,1
966,962,5.85,Feb,1
967,224,17.07,Mar,1
968,525,18.54,Mar,1
969,46,14.38,Jan,1
970,667,36.18,Feb,0
971,113,38.35,Feb,0
972,233,22.07,Jan,0
973,17,21.83,Mar,0
974,360,88.17,Jan,0
975,223,77.86,Mar,0
976,866,18.39,Jan,0
977,700,122.55,Mar,1
978,448,152.68,Jan,0
979,856,19.78,Mar,0
980,365,21.88,Mar,0
981,675,35.22,Mar,1
982,326,141.61,Mar,0
983,467,104.5,Mar,0
984,414,5.41,Feb,1
985,455,24.94,Mar,0
986,586,40.3,Feb,0
987,233,34.97,Mar,1
988,224,10.78,Feb,0
989,994,97.88,Feb,1
990,831,56.5,Jan,0
991,412,90.98,Mar,0
992,572,97.87,Jan,0
993,335,68.99,Jan,1
994,222,28.92,Mar,1
995,37,47.15,Jan,1
996,989,8.74,Mar,0
997,278,55.99,Jan,0
998,196,9.88,Mar,1
999,916,59.2,Mar,1
1000,864,13.04,Mar,0
1001,484,6.25,Feb,0
1002,242,9.03,Jan,0
1003,324,0.1,Feb,0
1004,731,63.42,Jan,1
1005,192,65.91,Jan,0
1006,17,36.17,Jan,0
1007,524,8.8,Feb,0
1008,918,4.36,Jan,0
1009,401,0.97,Feb,0
1010,906,9.06,Mar,0
1011,886,110.75,Jan,0
1012,705,13.82,Jan,1
1013,22,21.87,Mar,1
1014,474,5.57,Mar,1
1015,120,12.57,Jan,0
1016,210,36.62,Mar,1
1017,306,46.79,Feb,0
1018,270,14.08,Feb,0
1019,704,2.97,Jan,0
1020,687,24.8,Feb,0
1021,285,13.34,Feb,1
1022,716,12.39,Jan,0
1023,676,160.77,Mar,0
1024,763,47.89,Jan,1
1025,227,40.7,Feb,1
1026,948,26.87,Jan,1
1027,381,28.01,Jan,0
1028,460,38.92,Feb,1
1029,7,59.61,Feb,0
1030,29,60.56,Jan,0
1031,907,9.42,Feb,1
1032,33,34.67,Feb,1
1033,646,26.55,Feb,1
1034,879,102.21,Feb,0
1035,79,49.9,Feb,0
1036,928,38.02,Feb,0
1037,947,6.13,Mar,0
1038,459,46.52,Jan,0
1039,570,6.23,Feb,0
1040,983,20.56,Jan,1
1041,538,7.71,Mar,0
1042,482,58.89,Feb,1
1043,430,11.55,Jan,1
1044,738,24.87,Feb,1
1045,285,113.01,Feb,1
1046,516,11.43,Feb,1
1047,977,35.44,Feb,0
1048,99,27.17,Feb,0
1049,397,0.91,Feb,0
1050,489,78.69,Feb,0
1051,39,3.58,Mar,1
1052,271,32.15,Mar,1
1053,887,41.13,Feb,1
1054,797,49.5,Feb,0
1055,157,58.34,Mar,0
1056,75,14.6,Mar,0
1057,884,0.5,Mar,0
1058,800,64.27,Feb,1
1059,130,38.36,Jan,1
1060,687,90.43,Jan,0
1061,974,86.13,Jan,0
1062,84,92.68,Jan,1
1063,22,33.19,Feb,1
1064,459,20.3,Jan,1
1065,539,78.4,Mar,1
1066,707,30.01,Mar,0
1067,849,10.13,Jan,1
1068,382,96.54,Mar,1
1069,748,107.09,Feb,1
1070,440,31.4,Jan,1
1071,604,3.94,Jan,0
1072,989,24.54,Feb,0
1073,21,81.36,Mar,0
1074,303,116.02,Feb,0
1075,976,11.37,Feb,0
1076,869,3.47,Mar,0
1077,955,104.92,Feb,1
1078,84,24.67,Mar,1
1079,774,39.02,Mar,1
1080,659,172.2,Feb,1
1081,953,3.44,Mar,0
1082,453,52.25,Feb,1
1083,387,3.85,Mar,0
1084,507,23.54,Jan,1
1085,257,81.43,Mar,1
1086,570,28.41,Mar,1
1087,892,293.59,Feb,0
1088,934,40.94,Mar,1
1089,527,19.37,Jan,0
1090,162,12.43,Jan,0
1091,957,21.58,Mar,1
1092,163,23.3,Mar,0
1093,832,3.56,Jan,0
1094,793,23.07,Feb,1
1095,792,31.2,Jan,1
1096,524,64.14,Jan,1
1097,786,53.46,Mar,1
1098,271,61.68,Mar,1
1099,492,0.42,Jan,1
1100,208,12.27,Feb,0
1101,539,54.19,Jan,1
1102,584,33.08,Jan,1
1103,60,0.27,Feb,0
1104,430,81.61,Jan,1
1105,985,74.1,Jan,0
1106,657,39.75,Mar,1
1107,605,3.44,Feb,1
1108,309,72.73,Mar,0
1109,520,43.82,Mar,1
1110,591,76.15,Feb,0
1111,27,69.67,Feb,1
1112,686,81.23,Jan,1
1113,562,36.49,Mar,0
1114,199,7.56,Feb,1
1115,387,55.61,Mar,1
1116,349,48.44,Mar,0
1117,960,67.79,Feb,1
1118,940,9.31,Jan,0
1119,693,10.84,Mar,1
1120,536,110.55,Feb,0
1121,828,69.31,Jan,1
1122,378,119.42,Mar,0
1123,899,71.09,Feb,0
1124,916,45.46,Mar,1
1125,558,53.09,Feb,1
1126,527,109.97,Feb,0
1127,153,43.23,Mar,1
1128,734,50.04,Mar,0
1129,206,8.51,Feb,1
1130,455,32.12,Jan,1
1131,273,63.01,Mar,0
1132,894,15.8,Feb,0
1133,236,11.3,Feb,1
1134,852,18.83,Jan,1
1135,740,13.82,Jan,1
1136,521,12.1,Jan,1
1137,678,27.66,Mar,1
1138,944,119.21,Feb,0
1139,956,35.37,Feb,1
1140,831,10.41,Feb,1
1141,726,4.0,Jan,0
1142,501,59.56,Feb,0
1143,117,24.13,Mar,0
1144,386,86.25,Jan,1
1145,344,53.87,Jan,0
1146,584,79.54,Jan,0
1147,395,15.87,Jan,0
1148,64,58.94,Mar,0
1149,717,15.33,Feb,1
1150,721,139.9,Mar,1
1151,72,50.58,Feb,1
1152,789,19.62,Mar,0
1153,274,15.7,Jan,0
1154,990,10.59,Jan,0
1155,320,59.31,Mar,0
1156,338,12.34,Mar,0
1157,366,45.23,Feb,0
1158,495,15.37,Mar,1
1159,607,54.23,Mar,1
1160,166,84.35,Feb,0
1161,544,75.26,Feb,1
1162,11,71.53,Feb,0
1163,301,10.4,Mar,0
1164,729,4.63,Feb,1
1165,801,60.02,Jan,0
1166,102,22.97,Jan,1
1167,425,28.31,Jan,0
1168,392,1.58,Mar,0
1169,779,15.03,Jan,1
1170,214,1.71,Mar,0
1171,691,105.68,Mar,0
1172,88,13.95,Jan,0
1173,553,40.75,Feb,1
1174,401,1.99,Mar,0
1175,588,54.96,Jan,0
1176,889,19.51,Mar,0
1177,46,114.1,Feb,1
1178,672,109.52,Feb,1
1179,463,19.67,Jan,1
1180,592,115.61,Mar,1
1181,310,278.08,Mar,1
1182,86,87.27,Mar,0
1183,92,93.18,Mar,1
1184,660,14.32,Jan,1
1185,673,42.98,Feb,0
1186,714,3.48,Jan,1
1187,936,4.99,Mar,0
1188,928,340.29,Mar,1
1189,242,19.77,Feb,0
1190,865,68.95,Mar,0
1191,2,82.17,Jan,1
1192,225,97.6,Jan,1
1193,801,302.21,Feb,0
1194,745,13.82,Jan,0
1195,973,2.06,Jan,0
1196,926,26.48,Jan,0
1197,929,6.97,Jan,0
1198,589,1.13,Mar,0
1199,116,22.35,Jan,0
1200,666,76.56,Feb,1
1201,918,41.76,Feb,0
1202,103,18.75,Jan,1
1203,194,53.12,Feb,1
1204,166,13.2,Jan,0
1205,871,0.72,Feb,0
1206,90,72.27,Feb,1
1207,686,48.87,Jan,0
1208,122,71.84,Jan,0
1209,143,1.99,Mar,1
1210,994,90.74,Jan,1
1211,106,48.32,Jan,1
1212,887,41.44,Mar,0
1213,428,48.99,Jan,0
1214,305,99.91,Jan,1
1215,872,44.21,Mar,0
1216,971,43.49,Jan,1
1217,317,233.78,Jan,0
1218,963,70.68,Mar,1
1219,635,29.2,Mar,0
1220,902,61.45,Feb,1
1221,9,24.65,Jan,0
1222,774,13.0,Feb,0
1223,73,45.42,Feb,1
1224,359,131.68,Mar,0
1225,223,132.35,Jan,0
1226,416,20.92,Jan,1
1227,553,37.5,Mar,0
1228,370,11.89,Feb,0
1229,716,271.66,Mar,0
1230,264,198.48,Jan,1
1231,840,52.42,Mar,1
1232,690,81.59,Jan,1
1233,860,62.78,Feb,1
1234,318,44.97,Jan,1
1235,84,2.74,Feb,0
1236,318,30.33,Feb,0
1237,111,56.16,Jan,1
1238,251,56.59,Jan,0
1239,383,23.35,Feb,0
1240,7,142.1,Mar,0
1241,459,9.16,Jan,0
1242,84,34.69,Feb,1
1243,208,58.7,Feb,1
1244,900,59.72,Mar,0
1245,390,52.3,Jan,0
1246,314,16.1,Feb,1
1247,22,8.49,Mar,0
1248,410,50.52,Feb,0
1249,895,45.73,Jan,0
1250,515,9.88,Mar,1
1251,127,61.06,Feb,1
1252,809,30.36,Mar,0
1253,700,55.09,Jan,0
1254,874,90.81,Mar,0
1255,14,9.3,Jan,0
1256,971,0.97,Feb,0
1257,978,75.5,Jan,0
1258,12,47.04,Feb,1
1259,87,60.14,Feb,1
1260,524,91.06,Jan,0
1261,909,81.18,Feb,1
1262,537,162.11,Mar,0
1263,301,38.39,Feb,0
1264,243,33.52,Jan,1
1265,122,25.7,Mar,1
1266,147,8.34,Mar,0
1267,567,42.5,Feb,0
1268,750,16.22,Feb,1
1269,356,127.11,Jan,1
1270,685,43.76,Mar,0
1271,904,44.93,Jan,0
1272,733,21.92,Feb,0
1273,631,2.67,Mar,1
1274,309,1.61,Jan,0
1275,695,27.52,Jan,1
1276,288,4.42,Jan,0
1277,307,46.68,Jan,1
1278,812,106.42,Jan,1
1279,594,107.24,Mar,1
1280,966,53.8,Jan,1
1281,914,11.86,Mar,0
1282,723,99.39,Jan,1
1283,662,108.62,Feb,1
1284,549,10.95,Feb,1
1285,352,66.86,Jan,0
1286,312,16.88,Feb,0
1287,873,81.14,Mar,0
1288,59,294.59,Jan,0
1289,643,1.52,Mar,0
1290,924,113.83,Jan,0
1291,714,48.73,Feb,1
1292,755,181.31,Mar,1
1293,35,31.28,Feb,1
1294,445,93.99,Feb,0
1295,93,3.22,Jan,1
1296,950,20.42,Mar,1
1297,959,3.47,Feb,0
1298,207,185.13,Jan,1
1299,353,84.91,Jan,0
1300,903,95.71,Jan,1
1301,332,139.0,Feb,0
1302,817,4.45,Jan,0
1303,862,24.36,Mar,0
1304,725,3.68,Mar,1
1305,159,11.84,Feb,1
1306,954,13.03,Mar,0
1307,957,31.66,Jan,0
1308,24,15.64,Feb,1
1309,404,5.32,Jan,1
1310,805,9.17,Feb,0
1311,516,7.97,Feb,1
1312,732,180.74,Jan,1
1313,364,71.21,Mar,1
1314,382,171.73,Mar,0
1315,532,28.97,Feb,0
1316,956,16.31,Jan,1
1317,152,80.05,Jan,0
1318,562,19.75,Feb,1
1319,689,17.79,Mar,1
1320,947,13.23,Jan,0
1321,608,6.94,Mar,0
1322,617,14.82,Mar,0
1323,420,21.95,Feb,1
1324,250,56.04,Feb,1
1325,117,3.23,Mar,0
1326,866,11.82,Jan,0
1327,512,82.78,Jan,0
1328,740,7.95,Feb,1
1329,578,20.98,Mar,1
1330,335,100.0,Jan,1
1331,418,8.42,Jan,0
1332,932,4.32,Feb,0
1333,774,33.13,Mar,1
1334,295,18.01,Jan,0
1335,938,41.44,Feb,0
1336,755,81.43,Jan,0
1337,371,7.38,Jan,0
1338,186,43.46,Jan,1
1339,246,35.21,Feb,0
1340,637,7.78,Mar,1
1341,268,48.91,Feb,1
1342,643,15.99,Mar,0
1343,237,33.46,Jan,1
1344,530,4.29,Mar,1
1345,552,30.77,Jan,0
1346,21,18.3,Jan,1
1347,911,86.41,Feb,1
1348,737,2.93,Jan,1
1349,867,27.12,Feb,1
1350,794,30.66,Mar,1
1351,520,64.55,Mar,1
1352,100,42.7,Jan,1
1353,752,55.01,Feb,1
1354,478,75.04,Jan,0
1355,599,99.1,Feb,0
1356,298,18.83,Feb,0
1357,940,38.61,Feb,1
1358,526,91.66,Mar,1
1359,334,227.59,Feb,1
1360,2,110.15,Mar,0
1361,375,23.22,Feb,0
1362,293,10.86,Mar,0
1363,837,33.61,Mar,1
1364,934,67.67,Mar,0
1365,553,33.92,Jan,0
1366,318,33.0,Feb,1
1367,502,91.08,Jan,0
1368,828,22.42,Feb,1
1369,381,98.23,Feb,0
1370,623,26.11,Jan,1
1371,14,19.89,Mar,1
1372,504,30.26,Feb,1
1373,231,71.87,Mar,1
1374,985,6.73,Jan,1
1375,84,10.93,Mar,0
1376,130,151.25,Feb,1
1377,743,9.65,Feb,1
1378,838,41.93,Feb,1
1379,145,43.29,Jan,1
1380,891,33.63,Feb,0
1381,857,51.75,Jan,1
1382,28,13.06,Mar,0
1383,66,40.22,Feb,1
1384,163,23.27,Feb,1
1385,229,54.19,Feb,0
1386,261,7.61,Mar,0
1387,449,42.3,Feb,0
1388,424,10.24,Jan,1
1389,460,16.33,Mar,0
1390,952,12.34,Mar,1
1391,676,10.1,Mar,0
1392,301,87.35,Mar,0
1393,919,16.82,Mar,1
1394,303,130.95,Jan,0
1395,287,175.21,Mar,0
1396,395,42.35,Feb,1
1397,10,7.72,Mar,1
1398,707,23.46,Mar,1
1399,630,79.91,Mar,0
1400,270,22.9,Mar,0
1401,592,4.55,Mar,0
1402,970,40.69,Jan,0
1403,605,93.26,Jan,0
1404,778,79.46,Mar,1
1405,844,9.63,Jan,0
1406,862,55.85,Feb,1
1407,361,12.46,Mar,0
1408,257,12.31,Feb,1
1409,133,103.6,Feb,0
1410,276,14.36,Mar,0
1411,776,15.28,Feb,1
1412,683,0.03,Feb,0
1413,972,102.27,Feb,1
1414,513,78.65,Mar,0
1415,313,49.35,Mar,0
1416,576,69.37,Feb,1
1417,886,8.25,Mar,0
1418,980,30.65,Mar,1
1419,284,21.63,Feb,0
1420,121,4.92,Mar,0
1421,107,33.29,Jan,0
1422,933,126.75,Mar,0
1423,687,2.04,Jan,0
1424,997,17.23,Feb,0
1425,204,11.63,Mar,0
1426,165,13.6,Feb,1
1427,305,119.54,Feb,0
1428,497,31.56,Feb,0
1429,632,31.4,Feb,0
1430,556,71.48,Feb,1
1431,824,8.39,Mar,1
1432,156,33.4,Jan,0
1433,367,28.1,Mar,0
1434,719,45.43,Mar,0
1435,902,386.18,Mar,1
1436,620,73.36,Mar,0
1437,251,25.36,Jan,1
1438,957,87.88,Mar,0
1439,916,9.36,Feb,1
1440,882,1.55,Mar,1
1441,334,11.44,Mar,0
1442,642,20.81,Jan,0
1443,969,35.73,Jan,0
1444,511,47.74,Feb,0
1445,293,120.73,Mar,0
1446,20,35.65,Mar,0
1447,282,34.79,Mar,0
1448,797,2.58,Feb,1
1449,1,1.78,Jan,0
1450,119,40.05,Feb,0
1451,35,28.83,Mar,1
1452,198,91.37,Jan,0
1453,485,8.76,Jan,0
1454,757,1.26,Feb,0
1455,59,29.8,Jan,0
1456,837,13.56,Jan,1
1457,161,2.54,Mar,1
1458,691,64.48,Mar,0
1459,206,5.92,Jan,0
1460,12,46.87,Jan,1
1461,490,16.5,Feb,0
1462,276,9.53,Feb,1
1463,693,23.88,Jan,1
1464,242,80.83,Mar,1
1465,216,24.89,Jan,0
1466,251,69.47,Jan,0
1467,811,6.7,Mar,0
1468,126,74.09,Mar,1
1469,994,13.52,Feb,0
1470,217,56.57,Feb,0
1471,306,41.71,Feb,1
1472,797,132.36,Feb,0
1473,185,24.5,Mar,0
1474,39,3.42,Jan,0
1475,223,0.97,Feb,1
1476,184,87.68,Feb,0
1477,495,37.19,Mar,1
1478,427,74.64,Mar,1
1479,178,13.36,Jan,1
1480,919,21.16,Jan,0
1481,428,1.53,Mar,0
1482,294,162.84,Feb,0
1483,852,55.11,Feb,1
1484,151,135.31,Feb,1
1485,384,15.43,Jan,0
1486,638,47.27,Feb,1
1487,813,56.74,Feb,0
1488,308,19.1,Mar,0
1489,336,94.23,Feb,0
1490,946,147.03,Mar,0
1491,746,108.08,Feb,0
1492,892,67.17,Jan,0
1493,375,16.25,Feb,0
1494,8,16.54,Feb,1
1495,341,165.33,Mar,0
1496,129,0.52,Mar,1
1497,776,62.95,Mar,1
1498,669,61.25,Feb,0
1499,352,48.73,Feb,1
1500,358,230.81,Jan,1
1501,517,18.69,Feb,1
1502,495,20.77,Jan,0
1503,86,4.11,Mar,0
1504,175,29.24,Mar,0
1505,802,15.13,Mar,0
1506,193,21.03,Jan,0
1507,311,89.96,Feb,1
1508,119,137.04,Mar,1
1509,218,10.27,Feb,0
1510,427,23.3,Feb,1
1511,970,131.99,Mar,1
1512,414,3.19,Jan,1
1513,114,4.85,Feb,1
1514,978,8.88,Mar,0
1515,145,45.22,Feb,0
1516,538,8.15,Feb,0
1517,648,172.22,Feb,1
1518,303,29.59,Feb,1
1519,744,34.81,Feb,0
1520,881,14.16,Jan,0
1521,588,31.83,Jan,1
1522,987,54.22,Mar,0
1523,840,69.55,Jan,0
1524,345,70.09,Jan,1
1525,814,43.12,Jan,1
1526,964,117.36,Feb,0
1527,801,85.03,Feb,1
1528,1,70.74,Mar,0
1529,147,2.86,Mar,1
1530,287,0.35,Mar,1
1531,976,11.94,Feb,0
1532,654,54.46,Jan,1
1533,53,26.48,Jan,0
1534,304,25.74,Feb,1
1535,69,107.96,Mar,0
1536,361,112.96,Mar,1
1537,602,119.94,Mar,1
1538,958,18.83,Feb,0
1539,220,58.73,Mar,1
1540,962,15.85,Mar,0
1541,704,10.57,Feb,1
1542,966,10.21,Jan,1
1543,575,20.94,Feb,0
1544,585,28.1,Feb,1
1545,161,88.88,Feb,1
1546,681,6.39,Feb,0
1547,89,66.39,Jan,1
1548,688,37.91,Mar,0
1549,781,16.98,Feb,0
1550,585,33.94,Jan,0
1551,757,17.83,Mar,1
1552,589,45.33,Mar,1
1553,159,28.44,Mar,0
1554,489,8.98,Feb,1
1555,971,6.2,Feb,0
1556,324,39.56,Mar,1
1557,610,116.35,Mar,0
1558,381,21.08,Mar,0
1559,102,66.03,Mar,1
1560,494,53.74,Mar,0
1561,644,134.09,Mar,0
1562,614,86.01,Jan,1
1563,19,41.81,Mar,0
1564,454,53.51,Feb,0
1565,482,114.33,Feb,1
1566,594,25.5,Feb,0
1567,397,19.79,Mar,0
1568,279,0.54,Feb,0
1569,851,87.59,Jan,0
1570,365,80.72,Mar,0
1571,331,5.52,Feb,0
1572,641,43.0,Jan,0
1573,344,31.18,Jan,0
1574,822,6.32,Feb,1
1575,455,197.04,Jan,0
1576,601,12.08,Feb,0
1577,725,3.48,Jan,1
1578,655,45.17,Mar,0
1579,65,67.14,Mar,0
1580,76,1.65,Mar,0
1581,711,53.75,Mar,0
1582,143,38.0,Mar,0
1583,917,5.45,Feb,0
1584,915,9.47,Mar,1
1585,828,41.96,Mar,1
1586,605,17.57,Mar,1
1587,473,139.29,Mar,1
1588,417,85.39,Jan,1
1589,305,205.42,Mar,0
1590,736,15.03,Mar,0
1591,497,174.87,Feb,0
1592,291,28.21,Jan,0
1593,940,21.35,Feb,0
1594,102,2.58,Mar,1
1595,986,2.71,Feb,1
1596,267,58.88,Feb,0
1597,867,30.62,Mar,0
1598,968,12.84,Jan,0
1599,622,47.59,Jan,1
1600,974,14.58,Feb,1
1601,842,43.09,Mar,0
1602,962,22.25,Feb,1
1603,942,86.74,Feb,0
1604,777,85.93,Feb,1
1605,3,32.44,Mar,1
1606,85,21.6,Mar,0
1607,794,22.51,Jan,1
1608,328,81.92,Mar,1
1609,816,19.89,Feb,0
1610,450,11.73,Feb,1
1611,454,4.42,Jan,0
1612,924,31.43,Mar,1
1613,629,32.9,Feb,0
1614,221,91.91,Jan,0
1615,154,12.5,Jan,1
1616,665,23.98,Feb,1
1617,12,82.62,Feb,0
1618,133,86.76,Mar,1
1619,994,24.28,Jan,1
1620,304,30.73,Feb,1
1621,293,18.07,Jan,0
1622,975,134.82,Mar,0
1623,300,6.31,Feb,0
1624,740,135.72,Mar,1
1625,783,57.58,Jan,1
1626,43,37.92,Mar,0
1627,944,1.66,Mar,0
1628,343,32.27,Jan,1
1629,326,26.19,Mar,1
1630,814,8.79,Jan,1
1631,498,53.42,Feb,1
1632,364,177.28,Jan,0
1633,891,41.3,Jan,1
1634,427,62.72,Feb,1
1635,21,3.55,Jan,0
1636,407,27.04,Feb,0
1637,619,6.19,Feb,1
1638,336,47.44,Jan,0
1639,815,139.42,Mar,1
1640,117,54.2,Mar,1
1641,124,4.0,Feb,0
1642,399,21.9,Mar,0
1643,793,40.0,Mar,1
1644,804,25.81,Jan,0
1645,715,89.68,Feb,1
1646,51,84.28,Feb,1
1647,783,47.32,Jan,1
1648,324,23.38,Mar,0
1649,789,14.74,Feb,1
1650,141,5.6,Mar,1
1651,470,21.92,Feb,1
1652,787,26.65,Feb,0
1653,802,56.32,Feb,1
1654,334,53.67,Feb,1
1655,893,3.63,Mar,1
1656,964,25.15,Mar,0
1657,373,10.03,Mar,1
1658,564,8.53,Mar,1
1659,494,87.81,Jan,0
1660,539,2.14,Feb,0
1661,669,27.17,Feb,1
1662,751,9.21,Feb,1
1663,156,105.73,Jan,1
1664,291,40.71,Mar,0
1665,648,13.16,Feb,0
1666,144,34.9,Mar,1
1667,106,65.74,Mar,0
1668,420,158.64,Jan,1
1669,670,12.45,Jan,1
1670,658,108.66,Mar,0
1671,2,136.14,Feb,1
1672,945,124.1,Feb,0
1673,589,50.45,Jan,0
1674,644,49.69,Jan,1
1675,90,25.81,Jan,0
1676,345,69.8,Jan,1
1677,350,37.89,Jan,0
1678,459,56.57,Jan,1
1679,263,27.97,Jan,1
1680,351,65.74,Feb,1
1681,108,87.0,Jan,0
1682,586,7.92,Jan,1
1683,39,89.47,Feb,0
1684,909,38.86,Feb,0
1685,159,93.11,Mar,0
1686,583,28.22,Jan,0
1687,959,23.82,Jan,0
1688,312,123.29,Jan,1
1689,241,14.46,Jan,0
1690,938,92.96,Mar,1
1691,445,33.08,Feb,1
1692,298,36.09,Feb,0
1693,952,18.44,Jan,1
1694,36,42.55,Jan,1
1695,84,19.67,Jan,0
1696,452,2.0,Mar,1
1697,886,15.87,Mar,0
1698,775,0.32,Feb,0
1699,822,191.65,Jan,0
1700,385,168.7,Jan,1
1701,172,25.14,Jan,1
1702,376,65.17,Jan,1
1703,685,21.22,Mar,1
1704,362,55.6,Feb,0
1705,559,81.85,Feb,0
1706,891,146.64,Mar,1
1707,141,25.56,Jan,0
1708,887,76.46,Feb,1
1709,918,15.46,Feb,0
1710,118,231.95,Mar,0
1711,277,1.31,Jan,0
1712,726,46.26,Feb,0
1713,220,53.87,Jan,0
1714,905,58.24,Feb,1
1715,26,6.41,Mar,1
1716,521,139.46,Jan,0
1717,783,9.99,Mar,1
1718,10,48.74,Feb,0
1719,984,12.59,Mar,0
1720,378,18.35,Mar,0
1721,633,39.53,Mar,0
1722,637,26.99,Feb,1
1723,682,8.73,Jan,0
1724,584,9.37,Mar,1
1725,152,27.08,Jan,0
1726,720,70.79,Feb,0
1727,49,114.12,Jan,1
1728,154,4.39,Mar,0
1729,859,24.97,Mar,0
1730,293,5.28,Mar,1
1731,580,0.84,Mar,1
1732,50,54.19,Mar,1
1733,664,46.12,Mar,0
1734,531,8.9,Feb,0
1735,612,13.32,Feb,1
1736,60,1.2,Feb,1
1737,167,90.07,Jan,0
1738,202,183.83,Jan,0
1739,857,7.28,Feb,1
1740,146,13.16,Jan,1
1741,915,101.4,Jan,1
1742,676,130.5,Mar,1
1743,970,27.2,Mar,0
1744,993,2.6,Jan,0
1745,439,2.01,Jan,0
1746,242,42.66,Feb,0
1747,581,24.95,Jan,1
1748,687,1.45,Mar,0
1749,561,43.76,Jan,1
1750,483,0.57,Feb,0
1751,108,77.41,Mar,0
1752,226,18.3,Mar,0
1753,673,2.05,Mar,1
1754,631,44.38,Mar,0
1755,661,25.35,Jan,1
1756,977,182.1,Feb,1
1757,662,39.28,Jan,0
1758,432,16.1,Jan,1
1759,805,61.8,Mar,0
1760,655,15.84,Feb,1
1761,419,117.3,Mar,0
1762,988,23.48,Jan,1
1763,455,39.91,Jan,1
1764,160,2.59,Mar,0
1765,523,27.77,Jan,0
1766,650,89.3,Jan,0
1767,969,81.9,Mar,0
1768,590,12.7,Jan,1
1769,77,12.81,Feb,1
1770,509,85.0,Mar,1
1771,441,133.25,Feb,1
1772,254,5.01,Jan,0
1773,921,29.9,Jan,1
1774,770,20.58,Mar,0
1775,320,102.28,Jan,1
1776,803,4.36,Mar,0
1777,263,11.86,Mar,0
1778,597,69.81,Mar,0
1779,658,2.63,Mar,0
1780,835,33.92,Mar,0
1781,554,29.18,Feb,1
1782,374,20.35,Mar,0
1783,637,25.09,Feb,1
1784,167,37.74,Jan,1
1785,937,8.8,Mar,0
1786,753,42.43,Jan,1
1787,459,81.85,Mar,1
1788,999,71.39,Feb,1
1789,280,8.36,Feb,0
1790,700,8.08,Feb,0
1791,302,15.61,Jan,0
1792,531,22.4,Mar,0
1793,580,26.25,Jan,1
1794,218,56.92,Feb,1
1795,102,2.92,Jan,1
1796,554,1.76,Feb,1
1797,288,24.87,Feb,1
1798,167,59.73,Feb,1
1799,621,10.75,Mar,0
1800,36,51.29,Mar,1
1801,744,15.04,Feb,1
1802,741,108.62,Jan,1
1803,353,113.02,Jan,0
1804,676,17.64,Mar,1
1805,899,13.07,Feb,1
1806,73,26.49,Jan,0
1807,648,13.76,Feb,1
1808,353,55.8,Jan,0
1809,891,87.45,Mar,0
1810,70,55.9,Feb,1
1811,425,86.96,Feb,1
1812,999,25.29,Jan,0
1813,708,8.5,Jan,1
1814,781,66.96,Jan,1
1815,561,22.35,Feb,0
1816,828,55.63,Mar,0
1817,642,15.78,Mar,1
1818,956,4.24,Jan,0
1819,517,245.19,Mar,1
1820,428,8.49,Jan,1
1821,539,222.93,Mar,1
1822,160,189.23,Feb,1
1823,149,78.95,Jan,0
1824,776,53.86,Mar,1
1825,230,43.11,Feb,0
1826,712,100.53,Mar,1
1827,562,17.09,Feb,1
1828,67,31.53,Feb,0
1829,812,48.3,Mar,1
1830,381,26.48,Mar,0
1831,58,27.89,Feb,0
1832,259,20.05,Feb,1
1833,342,41.53,Feb,1
1834,838,95.05,Jan,1
1835,130,11.25,Feb,1
1836,727,136.23,Jan,0
1837,172,58.41,Feb,1
1838,770,86.66,Jan,1
1839,614,40.62,Feb,1
1840,209,75.6,Feb,1
1841,803,0.82,Feb,1
1842,354,85.29,Mar,0
1843,471,2.05,Mar,1
1844,798,110.32,Feb,0
1845,116,241.18,Jan,1
1846,264,17.41,Jan,1
1847,662,11.81,Feb,1
1848,812,72.49,Mar,0
1849,442,14.59,Jan,1
1850,548,100.33,Mar,0
1851,453,5.43,Jan,0
1852,845,6.73,Feb,1
1853,477,193.52,Mar,0
1854,287,56.02,Jan,1
1855,303,93.83,Feb,1
1856,311,19.6,Feb,0
1857,208,56.43,Feb,1
1858,618,45.1,Mar,1
1859,446,46.21,Mar,0
1860,670,57.37,Feb,0
1861,633,42.83,Mar,0
1862,55,28.02,Jan,0
1863,912,16.14,Feb,0
1864,12,73.18,Feb,0
1865,657,12.83,Mar,1
1866,400,58.94,Feb,0
1867,908,13.29,Jan,0
1868,648,49.09,Mar,1
1869,980,68.73,Mar,1
1870,515,12.34,Feb,0
1871,656,3.09,Feb,0
1872,542,7.02,Feb,1
1873,237,46.57,Mar,0
1874,279,94.67,Feb,0
1875,348,2.3,Jan,1
1876,627,66.24,Feb,0
1877,104,20.88,Feb,1
1878,630,32.56,Mar,0
1879,517,132.15,Feb,1
1880,980,20.17,Mar,1
1881,872,31.31,Feb,1
1882,248,0.69,Jan,0
1883,364,4.26,Jan,1
1884,321,14.96,Mar,0
1885,633,1.41,Mar,1
1886,286,49.9,Feb,1
1887,149,27.79,Feb,1
1888,84,39.72,Jan,0
1889,966,9.6,Feb,0
1890,406,17.54,Jan,1
1891,978,54.51,Mar,0
1892,456,168.05,Feb,0
1893,743,2.59,Mar,0
1894,800,110.54,Feb,1
1895,161,43.01,Jan,0
1896,784,41.5,Mar,1
1897,460,34.69,Mar,1
1898,550,3.6,Feb,1
1899,500,4.71,Mar,0
1900,738,45.93,Jan,1
1901,509,20.85,Mar,0
1902,654,124.61,Mar,0
1903,804,26.09,Feb,1
1904,481,7.73,Mar,1
1905,663,62.71,Feb,1
1906,114,17.36,Feb,0
1907,749,37.27,Mar,0
1908,578,59.84,Jan,1
1909,361,115.26,Feb,1
1910,341,78.56,Mar,0
1911,770,56.41,Feb,0
1912,987,56.91,Jan,1
1913,761,145.87,Jan,0
1914,969,17.54,Feb,0
1915,449,0.06,Jan,0
1916,843,15.87,Mar,0
1917,835,12.29,Mar,0
1918,180,54.21,Feb,0
1919,702,50.22,Jan,1
1920,407,45.0,Mar,0
1921,666,0.82,Mar,1
1922,196,65.24,Mar,1
1923,466,19.54,Feb,0
1924,311,54.69,Feb,1
1925,262,40.66,Mar,1
1926,419,20.98,Mar,1
1927,406,7.23,Jan,0
1928,939,4.96,Jan,1
1929,143,89.05,Jan,0
1930,342,125.29,Feb,1
1931,316,52.46,Mar,1
1932,101,5.46,Feb,1
1933,244,25.71,Mar,1
1934,490,65.27,Jan,0
1935,12,75.67,Jan,1
1936,239,6.29,Jan,1
1937,561,0.0,Jan,0
1938,42,62.26,Mar,0
1939,678,22.05,Jan,0
1940,594,14.68,Mar,1
1941,429,0.65,Mar,0
1942,803,38.86,Feb,0
1943,158,95.24,Jan,0
1944,216,158.07,Jan,0
1945,670,41.71,Feb,0
1946,462,36.12,Mar,0
1947,134,4.44,Jan,1
1948,67,39.8,Mar,0
1949,848,23.9,Feb,1
1950,7,46.71,Mar,0
1951,948,24.61,Jan,0
1952,526,13.74,Mar,0
1953,73,4.99,Mar,1
1954,399,18.91,Jan,0
1955,405,5.08,Jan,0
1956,675,9.73,Mar,0
1957,578,218.45,Mar,0
1958,859,29.36,Feb,1
1959,130,37.95,Jan,1
1960,931,103.42,Mar,1
1961,466,270.96,Jan,1
1962,206,43.7,Feb,1
1963,788,83.69,Mar,0
1964,978,19.8,Mar,0
1965,768,18.25,Mar,0
1966,266,25.77,Jan,1
1967,537,55.81,Feb,0
1968,962,57.32,Jan,1
1969,793,18.93,Mar,0
1970,253,7.15,Feb,1
1971,822,50.04,Mar,0
1972,289,6.87,Mar,0
1973,164,43.2,Jan,0
1974,95,59.11,Mar,0
1975,782,60.3,Feb,1
1976,833,70.01,Mar,0
1977,110,103.12,Mar,0
1978,336,34.65,Jan,0
1979,822,65.51,Feb,1
1980,238,48.27,Jan,0
1981,381,10.33,Mar,0
1982,436,1.3,Jan,0
1983,899,16.74,Jan,0
1984,483,29.26,Jan,0
1985,937,48.0,Jan,1
1986,902,94.84,Mar,1
1987,25,10.92,Mar,1
1988,653,6.71,Feb,0
1989,117,165.49,Jan,1
1990,482,5.72,Jan,0
1991,392,32.55,Feb,0
1992,917,44.04,Jan,0
1993,994,38.98,Feb,0
1994,964,4.5,Mar,1
1995,537,2.94,Feb,1
1996,79,5.57,Jan,1
1997,580,44.04,Feb,0
1998,173,39.3,Mar,1
1999,956,13.31,Jan,1
2000,12,50.77,Mar,0
2001,800,85.76,Mar,1
2002,128,2.12,Feb,0
2003,608,34.47,Mar,1
2004,92,58.45,Jan,1
2005,653,14.54,Mar,1
2006,543,18.39,Mar,0
2007,846,47.55,Feb,1
2008,532,114.11,Mar,1
2009,658,83.02,Feb,1
2010,989,43.75,Feb,1
2011,828,65.51,Jan,0
2012,447,22.69,Jan,0
2013,390,51.22,Jan,1
2014,672,31.38,Jan,1
2015,861,10.53,Feb,1
2016,43,60.49,Mar,0
2017,254,40.65,Jan,1
2018,130,22.21,Jan,1
2019,60,121.15,Jan,0
2020,663,1.06,Mar,0
2021,467,18.97,Jan,0
2022,287,2.93,Mar,1
2023,517,72.73,Feb,0
2024,467,60.55,Feb,0
2025,930,20.12,Feb,1
2026,778,56.3,Mar,0
2027,345,25.2,Jan,1
2028,642,70.58,Jan,1
2029,382,30.27,Jan,0
2030,779,26.58,Jan,1
2031,690,136.46,Jan,0
2032,253,14.44,Mar,0
2033,927,6.42,Feb,0
2034,56,43.92,Jan,1
2035,463,174.21,Feb,0
2036,457,23.73,Mar,1
2037,983,3.2,Mar,1
2038,83,20.72,Jan,1
2039,905,35.25,Mar,0
2040,99,8.83,Feb,1
2041,149,53.66,Jan,1
2042,329,304.83,Jan,0
2043,156,30.05,Feb,0
2044,190,21.9,Jan,1
2045,494,25.6,Jan,1
2046,883,6.12,Feb,0
2047,263,107.4,Jan,1
2048,80,26.79,Jan,1
2049,400,24.49,Feb,1
2050,764,53.89,Mar,1
2051,609,29.17,Feb,0
2052,260,52.24,Jan,1
2053,772,3.17,Feb,0
2054,615,84.03,Jan,1
2055,552,141.09,Jan,0
2056,785,52.32,Feb,1
2057,101,154.57,Jan,0
2058,359,8.21,Mar,1
2059,380,32.45,Jan,0
2060,820,46.04,Feb,1
2061,221,43.58,Mar,1
2062,820,25.66,Mar,0
2063,420,20.63,Jan,0
2064,124,6.78,Feb,0
2065,422,24.86,Jan,0
2066,231,8.88,Jan,0
2067,690,66.28,Feb,1
2068,63,11.71,Feb,0
2069,485,3.02,Jan,0
2070,628,40.19,Mar,1
2071,703,45.22,Jan,0
2072,574,102.75,Mar,0
2073,768,43.02,Jan,0
2074,483,21.19,Feb,1
2075,519,81.23,Mar,0
2076,155,38.86,Feb,1
2077,92,4.13,Feb,1
2078,982,41.72,Feb,0
2079,526,119.31,Feb,1
2080,455,25.23,Feb,0
2081,741,17.57,Jan,0
2082,598,7.74,Mar,0
2083,645,8.21,Jan,0
2084,510,28.35,Jan,0
2085,183,45.28,Jan,1
2086,386,4.2,Feb,1
2087,574,140.31,Jan,1
2088,731,70.35,Mar,1
2089,405,44.17,Jan,0
2090,246,88.14,Feb,0
2091,742,4.18,Mar,1
2092,591,32.39,Mar,0
2093,661,49.73,Mar,1
2094,650,88.2,Mar,1
2095,471,76.5,Jan,1
2096,826,16.22,Feb,1
2097,888,141.41,Mar,0
2098,423,6.64,Mar,0
2099,901,104.03,Feb,1
2100,65,176.92,Jan,1
2101,13,9.75,Mar,1
2102,213,64.02,Jan,1
2103,986,2.06,Jan,1
2104,242,26.0,Jan,0
2105,493,36.31,Jan,1
2106,213,43.45,Mar,1
2107,693,137.39,Mar,0
2108,338,55.78,Jan,0
2109,997,32.82,Jan,0
2110,173,82.95,Feb,0
2111,672,150.32,Feb,0
2112,164,1.12,Feb,0
2113,465,202.34,Mar,0
2114,995,4.5,Feb,0
2115,497,84.2,Mar,0
2116,700,16.45,Mar,1
2117,395,7.09,Mar,0
2118,703,28.98,Mar,1
2119,917,51.64,Feb,1
2120,308,23.98,Jan,1
2121,768,2.81,Jan,1
2122,183,45.75,Jan,1
2123,629,116.35,Feb,1
2124,794,24.16,Jan,1
2125,510,12.19,Feb,1
2126,708,29.22,Feb,0
2127,546,2.48,Feb,1
2128,564,85.88,Jan,1
2129,624,87.53,Jan,1
2130,764,44.34,Jan,1
2131,594,21.78,Mar,0
2132,744,80.42,Feb,1
2133,227,40.45,Mar,0
2134,745,87.42,Feb,0
2135,733,49.91,Jan,1
2136,436,76.72,Feb,1
2137,925,45.64,Feb,0
2138,422,26.73,Mar,1
2139,554,158.44,Feb,1
2140,21,38.95,Jan,0
2141,554,46.45,Feb,0
2142,397,12.45,Feb,1
2143,625,49.13,Feb,1
2144,105,42.39,Mar,1
2145,192,10.22,Feb,0
2146,17,3.07,Feb,1
2147,120,46.36,Mar,0
2148,393,72.13,Mar,0
2149,425,37.05,Mar,1
2150,129,12.86,Mar,0
2151,130,54.91,Jan,1
2152,572,4.17,Jan,1
2153,560,29.15,Feb,0
2154,29,8.92,Jan,1
2155,97,10.2,Feb,0
2156,10,11.3,Jan,0
2157,242,24.45,Mar,1
2158,826,2.63,Mar,1
2159,956,25.36,Jan,1
2160,232,35.84,Jan,1
2161,789,33.01,Feb,0
2162,284,24.13,Feb,0
2163,715,91.36,Feb,0
2164,759,7.85,Mar,1
2165,802,35.23,Mar,0
2166,776,3.2,Mar,0
2167,955,3.69,Mar,1
2168,726,42.65,Feb,1
2169,200,41.74,Mar,1
2170,945,105.2,Mar,0
2171,79,40.81,Mar,1
2172,913,160.68,Mar,0
2173,956,2.5,Jan,0
2174,855,5.16,Feb,0
2175,856,2.25,Feb,0
2176,173,10.25,Mar,0
2177,467,38.96,Jan,1
2178,581,51.86,Feb,0
2179,416,2.33,Feb,1
2180,940,145.91,Mar,0
2181,449,92.31,Mar,0
2182,87,17.59,Feb,1
2183,101,4.02,Feb,0
2184,8,9.31,Jan,0
2185,845,6.79,Feb,1
2186,200,6.58,Feb,1
2187,505,36.55,Mar,0
2188,87,14.11,Feb,0
2189,43,22.17,Mar,0
2190,385,227.84,Feb,1
2191,621,57.65,Feb,0
2192,435,148.78,Feb,1
2193,408,7.69,Jan,1
2194,483,24.07,Mar,0
2195,664,40.45,Jan,1
2196,17,3.99,Feb,0
2197,645,0.21,Jan,0
2198,148,55.5,Mar,1
2199,277,51.34,Feb,1
2200,232,26.45,Jan,1
2201,826,33.63,Jan,1
2202,927,26.85,Mar,1
2203,366,1.21,Jan,1
2204,228,20.43,Mar,0
2205,651,9.74,Feb,0
2206,436,5.18,Feb,0
2207,399,157.0,Jan,1
2208,211,45.73,Feb,1
2209,391,65.22,Feb,1
2210,499,18.94,Jan,0
2211,540,24.97,Feb,0
2212,563,13.52,Jan,1
2213,491,5.1,Mar,1
2214,442,9.86,Mar,1
2215,261,79.85,Mar,1
2216,773,56.59,Jan,0
2217,350,39.59,Jan,0
2218,352,32.23,Feb,0
2219,520,127.83,Feb,1
2220,320,3.78,Feb,0
2221,138,16.47,Feb,1
2222,550,21.53,Feb,1
2223,623,76.26,Jan,1
2224,992,244.74,Jan,0
2225,368,13.77,Mar,0
2226,220,103.7,Mar,1
2227,337,88.78,Mar,0
2228,223,12.72,Mar,1
2229,648,25.49,Jan,1
2230,768,26.35,Jan,1
2231,360,191.34,Jan,0
2232,921,9.98,Feb,0
2233,329,80.26,Feb,1
2234,962,20.34,Mar,0
2235,463,65.63,Feb,0
2236,946,27.24,Jan,0
2237,963,43.18,Mar,0
2238,561,89.37,Mar,1
2239,804,81.52,Feb,0
2240,382,100.65,Mar,1
2241,836,3.07,Feb,1
2242,590,58.89,Feb,0
2243,617,7.54,Mar,1
2244,169,26.88,Feb,1
2245,217,39.77,Feb,0
2246,378,25.77,Feb,1
2247,119,36.66,Feb,1
2248,190,283.13,Mar,0
2249,767,7.26,Jan,0
2250,370,56.27,Jan,0
2251,778,25.21,Feb,0
2252,149,7.14,Feb,0
2253,676,8.64,Feb,1
2254,652,149.06,Jan,1
2255,859,105.85,Feb,0
2256,488,118.78,Mar,0
2257,770,238.58,Mar,1
2258,374,11.68,Mar,0
2259,781,21.96,Jan,0
2260,693,55.31,Feb,1
2261,160,33.06,Feb,1
2262,351,27.1,Feb,1
2263,912,22.14,Jan,0
2264,288,45.04,Jan,1
2265,288,42.85,Jan,0
2266,892,8.8,Jan,1
2267,226,31.91,Mar,0
2268,523,40.31,Jan,0
2269,522,42.23,Jan,0
2270,783,11.79,Jan,1
2271,273,67.79,Feb,1
2272,936,1.28,Feb,1
2273,402,21.91,Feb,0
2274,183,75.75,Mar,1
2275,969,41.49,Mar,1
2276,665,15.13,Jan,0
2277,488,59.36,Feb,0
2278,827,41.9,Mar,1
2279,846,79.54,Feb,1
2280,124,66.41,Mar,1
2281,985,47.09,Mar,0
2282,626,33.49,Jan,1
2283,790,7.15,Jan,0
2284,414,15.15,Mar,0
2285,980,27.16,Jan,1
2286,725,45.73,Mar,1
2287,172,36.05,Mar,0
2288,288,17.0,Feb,0
2289,435,0.32,Jan,1
2290,686,34.28,Jan,1
2291,113,16.82,Jan,1
2292,888,66.33,Feb,0
2293,917,1.21,Feb,0
2294,995,43.95,Feb,1
2295,122,141.91,Jan,0
2296,544,9.58,Jan,0
2297,222,31.9,Jan,1
2298,631,4.79,Feb,0
2299,39,49.13,Feb,1
2300,497,39.98,Mar,1
2301,780,26.16,Feb,0
2302,233,36.84,Mar,0
2303,943,113.45,Jan,1
2304,530,10.93,Feb,0
2305,149,1.14,Jan,1
2306,397,98.9,Jan,0
2307,661,43.03,Jan,0
2308,638,110.66,Jan,0
2309,904,45.43,Feb,1
2310,302,83.08,Jan,0
2311,360,28.08,Mar,1
2312,238,69.29,Feb,1
2313,647,122.12,Jan,1
2314,663,42.45,Feb,0
2315,236,9.97,Mar,1
2316,736,15.65,Jan,1
2317,203,11.07,Mar,0
2318,256,14.18,Jan,1
2319,598,18.29,Mar,1
2320,662,40.5,Jan,0
2321,235,44.34,Feb,1
2322,345,27.8,Jan,0
2323,534,47.78,Feb,1
2324,860,4.25,Jan,1
2325,797,4.59,Jan,0
2326,781,9.43,Mar,1
2327,466,36.5,Mar,1
2328,770,12.04,Mar,1
2329,541,16.65,Jan,0
2330,213,25.57,Jan,0
2331,463,83.53,Jan,0
2332,436,0.7,Feb,0
2333,283,52.4,Feb,0
2334,562,55.26,Jan,1
2335,607,80.14,Mar,0
2336,463,134.97,Mar,0
2337,407,1.02,Mar,0
2338,88,8.35,Jan,1
2339,44,108.65,Mar,1
2340,461,30.67,Jan,0
2341,278,41.57,Feb,1
2342,683,54.39,Mar,1
2343,421,56.83,Feb,1
2344,701,134.22,Mar,1
2345,353,289.62,Jan,0
2346,696,63.68,Jan,0
2347,515,16.93,Jan,1
2348,703,105.91,Jan,1
2349,630,2.52,Mar,1
2350,19,13.14,Feb,1
2351,23,113.84,Jan,0
2352,413,14.8,Mar,1
2353,30,12.46,Feb,0
2354,807,7.43,Jan,1
2355,108,97.99,Feb,0
2356,367,34.66,Jan,1
2357,281,56.18,Feb,0
2358,128,13.66,Feb,0
2359,229,70.95,Jan,0
2360,111,71.36,Mar,1
2361,136,18.74,Feb,0
2362,362,26.44,Jan,1
2363,186,11.77,Feb,0
2364,656,187.67,Feb,0
2365,584,51.87,Mar,1
2366,129,136.32,Feb,0
2367,876,18.08,Feb,1
2368,261,76.14,Jan,1
2369,515,72.59,Jan,1
2370,449,58.83,Mar,1
2371,900,168.54,Feb,0
2372,104,25.01,Feb,0
2373,483,7.0,Feb,1
2374,224,55.69,Mar,0
2375,832,65.34,Feb,0
2376,874,42.79,Jan,1
2377,866,11.59,Mar,0
2378,491,35.1,Jan,1
2379,473,18.71,Jan,0
2380,10,27.88,Mar,0
2381,405,51.81,Jan,1
2382,896,68.37,Feb,0
2383,302,13.21,Mar,0
2384,231,25.99,Jan,1
2385,731,15.68,Feb,0
2386,923,11.07,Feb,1
2387,66,76.48,Jan,0
2388,937,119.98,Feb,1
2389,112,23.12,Mar,1
2390,13,69.57,Jan,1
2391,393,113.65,Feb,1
2392,500,93.58,Feb,1
2393,932,10.09,Jan,0
2394,598,156.51,Jan,0
2395,234,23.63,Jan,1
2396,602,20.72,Jan,0
2397,314,3.22,Mar,1
2398,566,33.29,Jan,0
2399,12,5.77,Mar,0
2400,209,14.29,Mar,1
2401,974,19.06,Jan,1
2402,14,82.73,Mar,0
2403,633,104.17,Jan,0
2404,418,18.01,Jan,1
2405,437,97.84,Feb,0
2406,377,97.33,Jan,0
2407,20,72.33,Feb,1
2408,587,7.93,Mar,0
2409,912,58.61,Feb,1
2410,755,145.04,Mar,1
2411,735,57.37,Jan,1
2412,70,20.14,Mar,0
2413,824,34.72,Mar,0
2414,211,51.88,Jan,1
2415,101,35.73,Mar,1
2416,698,6.39,Jan,0
2417,132,18.7,Feb,0
2418,623,81.07,Jan,0
2419,381,98.81,Jan,1
2420,132,7.38,Mar,1
2421,20,152.23,Feb,0
2422,906,19.94,Jan,0
2423,536,54.28,Feb,0
2424,227,69.68,Feb,1
2425,154,83.55,Mar,1
2426,805,145.71,Jan,0
2427,742,18.77,Mar,0
2428,469,97.78,Jan,1
2429,822,7.06,Feb,1
2430,1000,61.05,Jan,0
2431,871,67.74,Jan,0
2432,405,56.62,Feb,0
2433,202,14.54,Feb,1
2434,38,103.2,Jan,0
2435,942,9.25,Mar,1
2436,772,2.76,Jan,1
2437,188,63.2,Feb,0
2438,57,32.26,Mar,0
2439,941,94.56,Feb,1
2440,20,24.18,Feb,0
2441,273,9.21,Mar,1
2442,119,90.53,Feb,0
2443,583,39.8,Feb,0
2444,516,10.49,Feb,0
2445,221,63.72,Feb,0
2446,526,35.78,Feb,1
2447,515,46.36,Feb,1
2448,728,30.89,Feb,1
2449,741,88.22,Feb,0
2450,336,88.47,Feb,1
2451,698,61.79,Jan,1
2452,55,5.57,Jan,1
2453,500,91.27,Feb,0
2454,900,55.59,Jan,1
2455,888,59.71,Mar,0
2456,766,22.55,Jan,0
2457,536,105.71,Feb,1
2458,162,64.62,Feb,0
2459,670,5.97,Jan,1
2460,594,26.19,Feb,1
2461,915,108.74,Mar,1
2462,159,2.42,Mar,1
2463,188,162.75,Feb,1
2464,60,56.84,Mar,0
2465,915,49.9,Mar,1
2466,817,15.77,Jan,0
2467,319,14.3,Mar,1
2468,878,142.42,Jan,1
2469,211,17.71,Feb,1
2470,406,74.7,Jan,0
2471,664,24.97,Feb,0
2472,109,7.5,Feb,0
2473,76,0.54,Feb,0
2474,542,39.29,Feb,1
2475,314,186.03,Feb,1
2476,998,23.03,Jan,0
2477,117,22.1,Feb,0
2478,927,21.09,Mar,0
2479,868,36.76,Mar,1
2480,704,29.05,Feb,0
2481,19,105.98,Mar,0
2482,432,35.21,Jan,1
2483,685,35.44,Jan,0
2484,740,7.45,Feb,1
2485,350,202.97,Feb,1
2486,183,14.38,Feb,1
2487,113,3.81,Mar,1
2488,183,54.41,Mar,1
2489,481,45.24,Jan,0
2490,146,26.82,Mar,0
2491,831,27.43,Jan,1
2492,628,76.87,Mar,1
2493,113,10.89,Jan,0
2494,763,85.81,Feb,0
2495,476,52.31,Mar,1
2496,763,27.15,Jan,0
2497,303,30.63,Mar,0
2498,971,14.83,Feb,1
2499,825,69.74,Jan,0
2500,118,35.96,Mar,0
2501,813,19.35,Mar,0
2502,161,45.32,Feb,0
2503,401,272.86,Feb,1
2504,198,28.57,Jan,0
2505,260,126.72,Mar,1
2506,660,21.16,Mar,0
2507,752,2.81,Feb,1
2508,47,11.42,Feb,1
2509,987,27.12,Jan,0
2510,399,12.4,Mar,1
2511,710,0.01,Mar,1
2512,559,123.26,Jan,1
2513,78,92.86,Jan,1
2514,124,67.8,Feb,1
2515,75,9.19,Feb,0
2516,871,6.41,Jan,1
2517,137,3.5,Jan,1
2518,602,64.37,Mar,0
2519,400,132.12,Jan,0
2520,837,28.15,Jan,1
2521,505,6.34,Mar,0
2522,500,35.91,Jan,0
2523,573,21.45,Feb,0
2524,138,23.49,Feb,0
2525,50,48.55,Mar,0
2526,771,63.42,Jan,0
2527,973,5.86,Feb,1
2528,619,1.81,Feb,1
2529,625,258.63,Feb,0
2530,862,13.25,Feb,0
2531,254,2.77,Jan,1
2532,630,10.53,Jan,0
2533,710,1.99,Jan,1
2534,849,24.86,Jan,0
2535,877,81.08,Feb,1
2536,563,20.87,Mar,1
2537,757,29.37,Mar,0
2538,915,56.29,Feb,0
2539,426,35.55,Feb,0
2540,547,98.82,Mar,0
2541,302,100.51,Mar,1
2542,922,0.5,Feb,0
2543,581,75.26,Feb,1
2544,349,30.88,Jan,0
2545,832,224.77,Jan,1
2546,933,33.01,Mar,0
2547,980,216.74,Feb,0
2548,49,70.24,Mar,1
2549,917,14.29,Jan,0
2550,74,38.65,Jan,0
2551,704,242.27,Mar,0
2552,261,97.43,Jan,0
2553,356,5.12,Feb,0
2554,582,61.27,Mar,1
2555,602,21.2,Feb,0
2556,260,0.35,Feb,1
2557,638,25.83,Jan,0
2558,743,13.38,Feb,0
2559,295,85.43,Mar,1
2560,931,20.57,Feb,1
2561,641,87.87,Feb,1
2562,792,0.03,Feb,1
2563,313,18.4,Feb,1
2564,612,13.8,Feb,0
2565,838,13.3,Jan,1
2566,809,3.53,Mar,1
2567,182,10.36,Jan,0
2568,686,40.55,Mar,0
2569,828,17.22,Mar,1
2570,364,27.01,Mar,1
2571,188,23.65,Mar,1
2572,569,104.34,Mar,0
2573,543,117.85,Feb,1
2574,596,33.96,Jan,0
2575,664,20.04,Jan,0
2576,985,5.65,Feb,0
2577,548,153.31,Mar,0
2578,725,3.11,Jan,1
2579,926,17.67,Feb,0
2580,408,17.7,Feb,0
2581,876,19.31,Jan,1
2582,618,8.97,Jan,0
2583,414,76.43,Mar,1
2584,342,6.53,Mar,0
2585,220,50.38,Jan,1
2586,903,6.61,Mar,0
2587,163,3.66,Feb,0
2588,951,120.08,Mar,1
2589,220,10.54,Mar,0
2590,270,86.09,Feb,0
2591,632,39.33,Mar,1
2592,906,4.05,Feb,0
2593,848,155.56,Mar,0
2594,400,14.18,Jan,1
2595,182,98.18,Mar,1
2596,991,9.24,Jan,1
2597,618,96.19,Jan,1
2598,729,0.67,Jan,1
2599,205,35.85,Jan,0
2600,582,73.36,Jan,1
2601,556,136.51,Feb,0
2602,841,119.96,Feb,1
2603,813,85.64,Feb,0
2604,228,109.55,Jan,0
2605,696,11.11,Mar,1
2606,619,16.72,Feb,0
2607,596,17.05,Mar,0
2608,850,23.66,Mar,1
2609,250,24.99,Jan,1
2610,875,39.32,Jan,1
2611,441,8.71,Jan,1
2612,533,58.76,Feb,0
2613,196,9.17,Jan,0
2614,690,18.58,Feb,0
2615,929,34.99,Feb,0
2616,987,79.59,Feb,0
2617,519,67.25,Feb,0
2618,70,51.86,Jan,1
2619,639,8.47,Feb,0
2620,399,39.6,Jan,0
2621,978,4.58,Jan,0
2622,672,23.69,Feb,1
2623,760,26.68,Jan,1
2624,203,2.03,Mar,1
2625,148,16.01,Jan,1
2626,472,155.78,Jan,0
2627,655,153.56,Feb,0
2628,944,21.72,Feb,0
2629,199,2.2,Jan,1
2630,917,9.87,Feb,0
2631,426,24.9,Mar,0
2632,666,147.61,Mar,0
2633,492,7.61,Feb,1
2634,888,72.09,Jan,1
2635,896,5.75,Mar,1
2636,142,198.85,Mar,0
2637,313,24.03,Jan,0
2638,165,74.63,Feb,0
2639,314,20.97,Mar,0
2640,21,49.4,Jan,1
2641,82,10.66,Jan,0
2642,581,7.89,Mar,1
2643,131,139.08,Feb,0
2644,599,124.84,Mar,1
2645,730,109.23,Jan,0
2646,933,49.1,Mar,0
2647,984,82.58,Feb,1
2648,305,3.58,Jan,1
2649,915,20.38,Feb,0
2650,371,18.82,Mar,0
2651,857,50.48,Mar,0
2652,853,22.0,Feb,1
2653,384,8.04,Mar,0
2654,908,45.37,Feb,1
2655,445,84.2,Mar,0
2656,425,24.07,Feb,0
2657,161,7.09,Feb,0
2658,178,10.95,Jan,0
2659,629,13.56,Jan,1
2660,708,17.83,Feb,1
2661,895,51.47,Mar,0
2662,490,45.93,Mar,0
2663,327,59.55,Mar,0
2664,598,22.51,Feb,1
2665,289,86.86,Feb,0
2666,593,11.41,Feb,1
2667,664,31.65,Feb,1
2668,573,80.71,Jan,1
2669,573,9.93,Feb,1
2670,354,5.82,Mar,0
2671,28,107.57,Jan,0
2672,954,21.0,Mar,1
2673,43,57.58,Feb,0
2674,681,1.28,Jan,0
2675,423,58.57,Feb,0
2676,598,19.0,Jan,1
2677,177,2.87,Mar,0
2678,529,47.06,Feb,0
2679,610,13.77,Feb,0
2680,966,24.45,Jan,0
2681,494,4.2,Jan,0
2682,198,7.96,Feb,0
2683,610,17.69,Jan,0
2684,577,4.7,Feb,0
2685,842,120.86,Jan,0
2686,853,0.3,Mar,0
2687,517,33.07,Jan,1
2688,514,6.58,Mar,0
2689,22,18.39,Jan,1
2690,112,130.22,Jan,0
2691,57,8.82,Feb,1
2692,66,168.82,Jan,1
2693,842,11.52,Jan,0
2694,98,67.66,Mar,1
2695,144,39.56,Jan,1
2696,880,107.92,Feb,1
2697,435,40.37,Mar,0
2698,637,38.24,Feb,1
2699,679,10.87,Feb,1
2700,86,9.09,Feb,0
2701,588,124.14,Feb,1
2702,344,19.86,Mar,1
2703,936,23.27,Jan,1
2704,294,71.32,Feb,0
2705,956,20.69,Mar,1
2706,571,151.89,Feb,0
2707,650,66.96,Jan,1
2708,611,45.49,Mar,1
2709,704,106.39,Mar,1
2710,243,2.54,Jan,1
2711,831,14.86,Mar,0
2712,561,31.28,Jan,1
2713,960,12.87,Mar,0
2714,32,68.11,Mar,1
2715,391,125.79,Jan,0
2716,277,27.56,Jan,1
2717,532,20.94,Mar,1
2718,154,162.92,Mar,0
2719,383,29.43,Jan,0
2720,68,33.57,Jan,0
2721,878,21.67,Mar,0
2722,884,120.15,Mar,1
2723,214,42.08,Mar,0
2724,655,71.81,Jan,0
2725,376,83.51,Mar,0
2726,744,20.92,Feb,1
2727,213,28.43,Jan,1
2728,79,94.35,Mar,1
2729,726,22.57,Jan,1
2730,628,78.98,Feb,0
2731,604,141.5,Jan,1
2732,782,48.8,Mar,0
2733,923,67.67,Feb,1
2734,381,81.76,Feb,0
2735,680,93.23,Mar,0
2736,58,25.13,Mar,0
2737,796,2.63,Mar,0
2738,26,25.7,Jan,0
2739,881,56.01,Jan,1
2740,447,29.92,Jan,0
2741,66,69.11,Mar,0
2742,921,22.08,Mar,0
2743,760,50.36,Jan,0
2744,254,10.32,Feb,1
2745,899,69.19,Jan,1
2746,968,39.45,Feb,0
2747,44,11.41,Mar,0
2748,97,17.26,Mar,0
2749,554,69.04,Jan,0
2750,227,32.95,Jan,1
2751,774,12.17,Mar,1
2752,679,170.97,Jan,0
2753,436,62.79,Mar,0
2754,791,157.48,Mar,0
2755,601,27.85,Feb,0
2756,379,32.23,Jan,0
2757,178,114.12,Mar,1
2758,427,37.23,Jan,1
2759,915,61.43,Feb,0
2760,709,14.53,Feb,1
2761,307,29.6,Jan,1
2762,779,6.59,Jan,1
2763,504,11.53,Mar,0
2764,268,0.05,Feb,1
2765,586,2.0,Feb,1
2766,8,189.23,Feb,0
2767,920,13.88,Jan,1
2768,508,54.43,Mar,0
2769,476,91.35,Jan,1
2770,297,40.0,Jan,0
2771,164,8.31,Jan,0
2772,485,65.12,Mar,1
2773,597,45.85,Jan,1
2774,72,65.7,Feb,0
2775,567,73.43,Feb,0
2776,905,185.27,Feb,1
2777,559,42.61,Mar,1
2778,911,20.9,Jan,1
2779,944,52.27,Mar,1
2780,238,3.54,Jan,0
2781,104,113.84,Feb,0
2782,210,6.36,Jan,0
2783,554,19.86,Jan,1
2784,828,84.57,Jan,1
2785,468,45.48,Mar,0
2786,454,25.01,Jan,0
2787,268,32.07,Jan,0
2788,386,96.4,Jan,0
2789,775,20.78,Mar,0
2790,848,101.88,Mar,0
2791,387,4.61,Mar,1
2792,877,74.98,Jan,0
2793,259,94.05,Feb,0
2794,283,10.03,Feb,0
2795,626,28.14,Feb,0
2796,875,9.05,Jan,0
2797,40,61.31,Feb,0
2798,486,38.32,Feb,0
2799,929,50.44,Feb,1
2800,220,10.94,Jan,0
2801,129,11.9,Feb,1
2802,520,2.12,Feb,1
2803,613,19.44,Jan,1
2804,928,41.02,Mar,0
2805,892,97.57,Feb,0
2806,688,54.97,Mar,0
2807,619,28.58,Feb,0
2808,613,153.01,Jan,0
2809,260,63.51,Mar,0
2810,990,133.08,Mar,0
2811,966,37.5,Mar,0
2812,366,14.98,Mar,0
2813,758,2.71,Feb,0
2814,787,64.75,Feb,1
2815,544,6.47,Mar,0
2816,649,18.03,Feb,0
2817,524,38.01,Mar,0
2818,907,41.55,Mar,1
2819,814,45.89,Jan,0
2820,887,9.09,Mar,0
2821,16,23.88,Feb,1
2822,129,48.01,Mar,0
2823,575,175.03,Jan,1
2824,109,65.03,Feb,1
2825,887,127.94,Jan,1
2826,533,71.82,Jan,1
2827,670,44.79,Mar,0
2828,269,10.66,Jan,1
2829,162,54.93,Jan,1
2830,260,48.83,Feb,0
2831,924,46.12,Jan,0
2832,102,33.65,Mar,0
2833,506,37.61,Mar,1
2834,735,20.36,Mar,0
2835,571,36.63,Jan,1
2836,247,11.0,Feb,1
2837,640,81.78,Mar,0
2838,795,10.28,Jan,0
2839,837,4.44,Mar,0
2840,537,28.66,Mar,0
2841,131,53.69,Feb,0
2842,353,28.79,Mar,0
2843,196,16.2,Feb,1
2844,793,40.84,Jan,1
2845,916,21.31,Mar,0
2846,930,135.05,Jan,1
2847,666,127.97,Jan,1
2848,382,34.9,Jan,1
2849,645,19.87,Mar,1
2850,227,66.81,Feb,1
2851,701,1.87,Mar,1
2852,476,32.2,Jan,0
2853,477,20.5,Feb,0
2854,265,126.62,Jan,0
2855,372,0.6,Feb,1
2856,486,40.24,Mar,0
2857,434,67.48,Feb,0
2858,646,33.18,Mar,0
2859,211,4.46,Jan,1
2860,572,179.61,Feb,0
2861,940,36.49,Jan,1
2862,377,47.62,Feb,0
2863,395,13.5,Mar,0
2864,450,33.03,Feb,0
2865,943,28.03,Feb,1
2866,364,3.89,Mar,1
2867,876,5.61,Mar,1
2868,457,90.85,Mar,1
2869,725,13.71,Feb,1
2870,728,10.84,Jan,0
2871,226,35.15,Feb,0
2872,982,73.21,Feb,1
2873,131,3.2,Jan,1
2874,588,43.0,Mar,0
2875,476,6.35,Feb,1
2876,798,1.86,Jan,0
2877,986,2.71,Mar,1
2878,277,89.84,Mar,0
2879,156,6.28,Feb,1
2880,760,2.31,Mar,1
2881,218,28.8,Mar,0
2882,190,92.89,Jan,0
2883,417,15.22,Jan,1
2884,981,27.38,Mar,1
2885,675,2.04,Jan,0
2886,692,29.81,Mar,1
2887,546,43.09,Feb,0
2888,41,42.3,Jan,0
2889,307,20.21,Mar,1
2890,943,18.96,Mar,0
2891,338,5.64,Jan,0
2892,314,22.85,Jan,1
2893,75,5.24,Feb,0
2894,953,72.75,Mar,0
2895,279,169.47,Feb,0
2896,176,175.45,Feb,0
2897,896,100.15,Feb,1
2898,662,45.91,Jan,0
2899,273,60.34,Feb,1
2900,837,16.79,Jan,0
2901,620,49.82,Jan,1
2902,651,30.41,Feb,0
2903,862,32.89,Feb,1
2904,783,70.89,Mar,0
2905,859,16.56,Feb,0
2906,931,19.14,Mar,0
2907,289,129.28,Feb,0
2908,724,2.89,Feb,1
2909,893,33.24,Feb,1
2910,272,121.98,Feb,0
2911,930,47.13,Mar,1
2912,66,39.53,Mar,0
2913,483,14.37,Feb,0
2914,936,21.02,Feb,1
2915,248,95.54,Mar,1
2916,156,40.96,Jan,1
2917,47,36.15,Jan,0
2918,935,5.24,Jan,0
2919,454,0.81,Mar,1
2920,201,165.78,Mar,0
2921,660,23.66,Jan,1
2922,124,46.22,Jan,1
2923,1,4.15,Feb,1
2924,968,57.46,Mar,1
2925,759,134.83,Mar,1
2926,855,42.86,Jan,1
2927,640,6.74,Jan,0
2928,191,43.58,Mar,0
2929,579,72.7,Feb,1
2930,516,26.08,Jan,1
2931,442,105.95,Mar,1
2932,921,52.3,Mar,0
2933,815,114.76,Feb,1
2934,806,48.84,Feb,1
2935,143,7.04,Jan,1
2936,191,18.53,Jan,0
2937,533,11.27,Jan,1
2938,227,119.75,Mar,0
2939,313,71.44,Jan,0
2940,629,56.41,Mar,1
2941,949,17.9,Jan,0
2942,302,10.17,Feb,0
2943,654,70.62,Feb,0
2944,996,32.14,Mar,1
2945,460,12.8,Feb,0
2946,401,47.94,Mar,1
2947,551,2.06,Mar,1
2948,393,19.74,Feb,1
2949,867,31.61,Mar,0
2950,764,8.01,Feb,1
2951,845,208.85,Jan,0
2952,207,11.73,Jan,0
2953,210,6.98,Feb,0
2954,115,11.38,Feb,0
2955,737,73.28,Feb,1
2956,646,27.71,Feb,1
2957,251,41.67,Jan,0
2958,219,1.06,Mar,1
2959,407,1.75,Mar,1
2960,443,29.51,Jan,1
2961,603,84.82,Mar,0
2962,354,108.25,Jan,1
2963,888,4.53,Mar,0
2964,558,38.65,Feb,1
2965,550,122.22,Feb,0
2966,142,24.55,Feb,0
2967,612,88.47,Jan,0
2968,501,7.18,Jan,1
2969,840,136.97,Mar,0
2970,702,69.6,Mar,1
2971,547,141.8,Mar,0
2972,659,56.45,Jan,1
2973,542,22.58,Mar,0
2974,846,139.18,Feb,1
2975,507,16.12,Mar,0
2976,596,20.19,Feb,0
2977,881,60.33,Jan,0
2978,281,72.48,Feb,1
2979,424,132.54,Feb,0
2980,856,11.46,Feb,0
2981,270,79.97,Jan,0
2982,154,67.07,Jan,0
2983,614,3.3,Jan,1
2984,727,24.49,Jan,0
2985,662,16.62,Mar,0
2986,944,18.16,Jan,1
2987,83,203.57,Feb,1
2988,622,51.47,Jan,1
2989,947,63.24,Mar,0
2990,899,187.79,Mar,1
2991,426,23.68,Mar,1
2992,275,80.93,Feb,1
2993,713,28.5,Jan,0
2994,284,101.83,Jan,0
2995,980,9.96,Jan,0
2996,173,147.52,Feb,1
2997,327,12.34,Feb,0
2998,718,19.74,Mar,1
2999,63,70.57,Mar,1
3000,73,25.02,Jan,1
